Source,Target
1269,1437
1269,1440
1269,1441
1269,1452
1269,1453
1269,1463
1269,1492
1269,1495
1269,1551
1269,1554
1269,1598
1269,1604
1269,1617
1269,1625
1269,1666
1269,1678
1269,1697
1269,1702
1269,1819
1269,1857
1269,1870
1269,1871
1269,1886
1425,1427
1425,1431
1425,1433
1425,1471
1425,1489
1425,1491
1425,1501
1425,1512
1425,1516
1425,1525
1425,1533
1425,1535
1425,1546
1425,1548
1425,1557
1425,1563
1425,1582
1425,1606
1425,1626
1425,1635
1425,1655
1425,1658
1425,1684
1425,1703
1425,1728
1425,1774
1425,1805
1425,1847
1425,1871
1425,1894
1425,1898
1425,1900
1425,1901
1425,1903
1425,1920
1426,1459
1426,1501
1426,1524
1426,1525
1426,1538
1426,1542
1426,1551
1426,1558
1426,1579
1426,1583
1426,1591
1426,1593
1426,1612
1426,1613
1426,1614
1426,1616
1426,1635
1426,1652
1426,1678
1426,1683
1426,1688
1426,1694
1426,1706
1426,1754
1426,1761
1426,1790
1426,1802
1426,1825
1426,1855
1426,1857
1426,1890
1427,1453
1427,1467
1427,1473
1427,1479
1427,1482
1427,1483
1427,1485
1427,1490
1427,1493
1427,1495
1427,1503
1427,1524
1427,1526
1427,1531
1427,1538
1427,1549
1427,1551
1427,1552
1427,1554
1427,1556
1427,1557
1427,1563
1427,1570
1427,1573
1427,1579
1427,1580
1427,1596
1427,1598
1427,1605
1427,1612
1427,1613
1427,1617
1427,1622
1427,1626
1427,1630
1427,1642
1427,1643
1427,1652
1427,1658
1427,1670
1427,1671
1427,1688
1427,1692
1427,1694
1427,1695
1427,1707
1427,1711
1427,1713
1427,1715
1427,1717
1427,1731
1427,1735
1427,1759
1427,1761
1427,1769
1427,1772
1427,1789
1427,1792
1427,1807
1427,1821
1427,1836
1427,1847
1427,1848
1427,1855
1427,1863
1427,1873
1427,1877
1427,1884
1427,1887
1427,1914
1427,1919
1428,1431
1428,1458
1428,1463
1428,1467
1428,1495
1428,1517
1428,1519
1428,1520
1428,1525
1428,1537
1428,1538
1428,1545
1428,1555
1428,1556
1428,1585
1428,1593
1428,1599
1428,1600
1428,1628
1428,1635
1428,1650
1428,1659
1428,1668
1428,1673
1428,1680
1428,1692
1428,1700
1428,1707
1428,1718
1428,1728
1428,1732
1428,1735
1428,1749
1428,1752
1428,1762
1428,1766
1428,1771
1428,1779
1428,1787
1428,1825
1428,1829
1428,1836
1428,1840
1428,1847
1428,1848
1428,1857
1428,1886
1428,1889
1428,1890
1428,1893
1428,1897
1428,1921
1430,1453
1430,1501
1430,1531
1430,1545
1430,1562
1430,1574
1430,1604
1430,1616
1430,1655
1430,1684
1430,1883
1430,1890
1430,1911
1431,1458
1431,1468
1431,1496
1431,1516
1431,1519
1431,1541
1431,1546
1431,1547
1431,1548
1431,1557
1431,1558
1431,1592
1431,1601
1431,1606
1431,1655
1431,1716
1431,1740
1431,1765
1431,1825
1433,1443
1433,1448
1433,1463
1433,1480
1433,1487
1433,1491
1433,1503
1433,1519
1433,1527
1433,1545
1433,1551
1433,1556
1433,1562
1433,1563
1433,1582
1433,1592
1433,1628
1433,1673
1433,1678
1433,1708
1433,1718
1433,1728
1433,1731
1433,1735
1433,1747
1433,1749
1433,1766
1433,1787
1433,1789
1433,1825
1433,1831
1433,1842
1433,1845
1433,1851
1433,1858
1433,1889
1433,1908
1434,1437
1434,1439
1434,1448
1434,1453
1434,1457
1434,1458
1434,1462
1434,1469
1434,1485
1434,1493
1434,1496
1434,1498
1434,1514
1434,1529
1434,1539
1434,1541
1434,1543
1434,1546
1434,1550
1434,1554
1434,1559
1434,1563
1434,1574
1434,1575
1434,1579
1434,1585
1434,1591
1434,1596
1434,1601
1434,1602
1434,1608
1434,1609
1434,1629
1434,1631
1434,1649
1434,1655
1434,1667
1434,1670
1434,1676
1434,1688
1434,1700
1434,1703
1434,1706
1434,1716
1434,1725
1434,1727
1434,1728
1434,1731
1434,1770
1434,1772
1434,1775
1434,1825
1434,1845
1434,1851
1434,1853
1434,1866
1434,1876
1434,1882
1434,1890
1434,1908
1434,1920
1435,1452
1435,1496
1435,1502
1435,1505
1435,1532
1435,1535
1435,1554
1435,1568
1435,1613
1435,1694
1435,1712
1435,1754
1435,1755
1435,1789
1435,1880
1435,1887
1436,1441
1436,1458
1436,1460
1436,1463
1436,1469
1436,1489
1436,1519
1436,1523
1436,1525
1436,1529
1436,1544
1436,1549
1436,1562
1436,1598
1436,1600
1436,1619
1436,1628
1436,1724
1436,1789
1436,1825
1436,1853
1436,1879
1436,1915
1436,1917
1437,1441
1437,1453
1437,1455
1437,1458
1437,1462
1437,1463
1437,1470
1437,1471
1437,1480
1437,1496
1437,1522
1437,1526
1437,1527
1437,1537
1437,1541
1437,1543
1437,1551
1437,1560
1437,1564
1437,1570
1437,1574
1437,1579
1437,1580
1437,1582
1437,1590
1437,1593
1437,1595
1437,1599
1437,1602
1437,1603
1437,1604
1437,1613
1437,1616
1437,1617
1437,1623
1437,1625
1437,1628
1437,1630
1437,1642
1437,1643
1437,1654
1437,1655
1437,1658
1437,1669
1437,1674
1437,1684
1437,1694
1437,1698
1437,1699
1437,1700
1437,1701
1437,1704
1437,1707
1437,1713
1437,1755
1437,1764
1437,1770
1437,1771
1437,1786
1437,1787
1437,1798
1437,1802
1437,1835
1437,1840
1437,1845
1437,1847
1437,1854
1437,1855
1437,1857
1437,1862
1437,1875
1437,1876
1437,1883
1437,1887
1437,1898
1437,1906
1437,1912
1437,1918
1438,1448
1438,1467
1438,1471
1438,1489
1438,1501
1438,1510
1438,1516
1438,1517
1438,1519
1438,1524
1438,1543
1438,1544
1438,1547
1438,1563
1438,1582
1438,1585
1438,1592
1438,1600
1438,1630
1438,1634
1438,1645
1438,1658
1438,1664
1438,1749
1438,1756
1438,1761
1438,1768
1438,1770
1438,1804
1438,1821
1438,1825
1438,1863
1438,1883
1438,1884
1438,1897
1438,1907
1438,1919
1439,1443
1439,1448
1439,1451
1439,1453
1439,1462
1439,1479
1439,1480
1439,1482
1439,1492
1439,1498
1439,1513
1439,1526
1439,1528
1439,1531
1439,1543
1439,1550
1439,1574
1439,1581
1439,1590
1439,1613
1439,1630
1439,1635
1439,1640
1439,1643
1439,1659
1439,1660
1439,1664
1439,1673
1439,1676
1439,1684
1439,1687
1439,1698
1439,1702
1439,1707
1439,1711
1439,1717
1439,1761
1439,1775
1439,1819
1439,1821
1439,1834
1439,1840
1439,1842
1439,1894
1439,1899
1440,1448
1440,1458
1440,1477
1440,1479
1440,1491
1440,1502
1440,1513
1440,1543
1440,1551
1440,1554
1440,1562
1440,1563
1440,1573
1440,1579
1440,1591
1440,1599
1440,1616
1440,1670
1440,1673
1440,1676
1440,1694
1440,1699
1440,1711
1440,1716
1440,1718
1440,1728
1440,1771
1440,1802
1440,1847
1440,1854
1440,1858
1440,1874
1440,1876
1440,1887
1440,1889
1440,1898
1440,1908
1440,1914
1440,1921
1441,1444
1441,1451
1441,1452
1441,1457
1441,1458
1441,1459
1441,1461
1441,1464
1441,1466
1441,1467
1441,1470
1441,1479
1441,1482
1441,1485
1441,1487
1441,1489
1441,1491
1441,1492
1441,1501
1441,1507
1441,1510
1441,1514
1441,1517
1441,1524
1441,1526
1441,1527
1441,1529
1441,1532
1441,1539
1441,1546
1441,1550
1441,1554
1441,1555
1441,1556
1441,1558
1441,1559
1441,1562
1441,1563
1441,1564
1441,1566
1441,1568
1441,1572
1441,1574
1441,1577
1441,1578
1441,1579
1441,1580
1441,1581
1441,1582
1441,1585
1441,1590
1441,1591
1441,1592
1441,1593
1441,1596
1441,1598
1441,1599
1441,1603
1441,1609
1441,1613
1441,1617
1441,1619
1441,1623
1441,1626
1441,1627
1441,1628
1441,1634
1441,1635
1441,1640
1441,1641
1441,1642
1441,1652
1441,1656
1441,1657
1441,1659
1441,1665
1441,1666
1441,1667
1441,1669
1441,1671
1441,1675
1441,1676
1441,1677
1441,1680
1441,1684
1441,1692
1441,1694
1441,1698
1441,1699
1441,1702
1441,1703
1441,1707
1441,1710
1441,1711
1441,1712
1441,1713
1441,1716
1441,1717
1441,1718
1441,1724
1441,1725
1441,1731
1441,1734
1441,1743
1441,1752
1441,1761
1441,1764
1441,1765
1441,1766
1441,1767
1441,1769
1441,1770
1441,1772
1441,1773
1441,1779
1441,1783
1441,1784
1441,1789
1441,1796
1441,1803
1441,1808
1441,1811
1441,1813
1441,1816
1441,1819
1441,1821
1441,1829
1441,1835
1441,1840
1441,1842
1441,1847
1441,1850
1441,1857
1441,1858
1441,1868
1441,1870
1441,1875
1441,1876
1441,1879
1441,1880
1441,1882
1441,1886
1441,1890
1441,1892
1441,1898
1441,1901
1441,1911
1441,1912
1441,1913
1441,1914
1441,1916
1441,1918
1441,1919
1441,1920
1441,1924
1442,1446
1442,1455
1442,1520
1442,1547
1442,1590
1442,1592
1442,1613
1442,1628
1442,1717
1442,1765
1442,1790
1442,1816
1442,1881
1442,1887
1443,1453
1443,1467
1443,1487
1443,1493
1443,1499
1443,1501
1443,1523
1443,1527
1443,1531
1443,1537
1443,1545
1443,1549
1443,1550
1443,1552
1443,1560
1443,1562
1443,1563
1443,1568
1443,1573
1443,1576
1443,1580
1443,1582
1443,1592
1443,1599
1443,1603
1443,1617
1443,1628
1443,1630
1443,1635
1443,1643
1443,1645
1443,1657
1443,1680
1443,1685
1443,1688
1443,1689
1443,1695
1443,1696
1443,1699
1443,1700
1443,1701
1443,1704
1443,1731
1443,1740
1443,1742
1443,1752
1443,1759
1443,1761
1443,1765
1443,1769
1443,1772
1443,1783
1443,1825
1443,1831
1443,1858
1444,1466
1444,1487
1444,1491
1444,1527
1444,1554
1444,1573
1444,1641
1444,1734
1444,1773
1444,1774
1444,1798
1444,1816
1444,1839
1444,1866
1446,1458
1446,1487
1446,1497
1446,1499
1446,1505
1446,1512
1446,1578
1446,1599
1446,1656
1446,1667
1446,1718
1446,1768
1446,1825
1446,1882
1448,1449
1448,1451
1448,1453
1448,1458
1448,1462
1448,1465
1448,1466
1448,1467
1448,1475
1448,1477
1448,1480
1448,1487
1448,1493
1448,1501
1448,1507
1448,1527
1448,1529
1448,1531
1448,1532
1448,1539
1448,1546
1448,1548
1448,1550
1448,1551
1448,1554
1448,1556
1448,1562
1448,1563
1448,1569
1448,1579
1448,1580
1448,1581
1448,1590
1448,1599
1448,1600
1448,1602
1448,1604
1448,1606
1448,1609
1448,1613
1448,1616
1448,1619
1448,1629
1448,1631
1448,1648
1448,1652
1448,1664
1448,1671
1448,1673
1448,1676
1448,1684
1448,1688
1448,1701
1448,1702
1448,1706
1448,1708
1448,1712
1448,1728
1448,1734
1448,1747
1448,1756
1448,1764
1448,1785
1448,1798
1448,1811
1448,1821
1448,1829
1448,1831
1448,1835
1448,1840
1448,1841
1448,1847
1448,1850
1448,1854
1448,1858
1448,1875
1448,1885
1448,1886
1448,1888
1448,1901
1448,1904
1448,1914
1448,1918
1449,1469
1449,1477
1449,1496
1449,1505
1449,1512
1449,1519
1449,1521
1449,1531
1449,1532
1449,1560
1449,1562
1449,1574
1449,1582
1449,1593
1449,1599
1449,1603
1449,1655
1449,1656
1449,1659
1449,1667
1449,1695
1449,1761
1449,1783
1449,1787
1449,1825
1449,1851
1449,1880
1451,1458
1451,1459
1451,1478
1451,1479
1451,1485
1451,1498
1451,1517
1451,1529
1451,1537
1451,1543
1451,1545
1451,1550
1451,1556
1451,1582
1451,1591
1451,1593
1451,1601
1451,1624
1451,1664
1451,1684
1451,1689
1451,1706
1451,1718
1451,1735
1451,1749
1451,1786
1451,1790
1451,1792
1451,1803
1451,1807
1451,1829
1451,1834
1451,1839
1451,1857
1451,1877
1451,1880
1451,1889
1451,1901
1451,1904
1451,1918
1451,1924
1452,1453
1452,1465
1452,1470
1452,1471
1452,1492
1452,1499
1452,1503
1452,1512
1452,1522
1452,1531
1452,1537
1452,1543
1452,1551
1452,1554
1452,1556
1452,1562
1452,1573
1452,1598
1452,1602
1452,1603
1452,1617
1452,1634
1452,1647
1452,1664
1452,1684
1452,1700
1452,1718
1452,1731
1452,1765
1452,1786
1452,1789
1452,1792
1452,1821
1452,1828
1452,1835
1452,1847
1452,1851
1452,1858
1452,1866
1452,1870
1452,1885
1452,1886
1452,1894
1452,1905
1452,1921
1453,1466
1453,1467
1453,1473
1453,1492
1453,1493
1453,1502
1453,1525
1453,1528
1453,1531
1453,1543
1453,1545
1453,1552
1453,1562
1453,1566
1453,1574
1453,1582
1453,1590
1453,1592
1453,1593
1453,1598
1453,1600
1453,1603
1453,1622
1453,1626
1453,1652
1453,1667
1453,1676
1453,1698
1453,1700
1453,1704
1453,1707
1453,1716
1453,1740
1453,1756
1453,1761
1453,1783
1453,1791
1453,1819
1453,1831
1453,1840
1453,1872
1453,1884
1453,1890
1453,1920
1455,1463
1455,1465
1455,1487
1455,1517
1455,1530
1455,1539
1455,1543
1455,1562
1455,1563
1455,1568
1455,1570
1455,1573
1455,1579
1455,1582
1455,1585
1455,1590
1455,1592
1455,1608
1455,1628
1455,1657
1455,1664
1455,1667
1455,1671
1455,1680
1455,1688
1455,1692
1455,1698
1455,1701
1455,1703
1455,1706
1455,1710
1455,1717
1455,1731
1455,1752
1455,1765
1455,1786
1455,1790
1455,1808
1455,1821
1455,1825
1455,1847
1455,1887
1455,1892
1455,1904
1455,1906
1455,1913
1455,1915
1457,1458
1457,1492
1457,1522
1457,1527
1457,1528
1457,1531
1457,1542
1457,1554
1457,1556
1457,1559
1457,1560
1457,1563
1457,1568
1457,1599
1457,1603
1457,1688
1457,1700
1457,1706
1457,1716
1457,1731
1457,1819
1457,1858
1457,1890
1457,1899
1457,1918
1458,1459
1458,1460
1458,1467
1458,1468
1458,1469
1458,1471
1458,1473
1458,1485
1458,1487
1458,1501
1458,1502
1458,1503
1458,1504
1458,1510
1458,1513
1458,1516
1458,1517
1458,1519
1458,1520
1458,1523
1458,1526
1458,1528
1458,1530
1458,1531
1458,1532
1458,1535
1458,1537
1458,1539
1458,1547
1458,1550
1458,1551
1458,1556
1458,1559
1458,1563
1458,1568
1458,1569
1458,1573
1458,1575
1458,1579
1458,1587
1458,1592
1458,1598
1458,1599
1458,1600
1458,1601
1458,1613
1458,1617
1458,1622
1458,1623
1458,1628
1458,1629
1458,1635
1458,1638
1458,1641
1458,1645
1458,1652
1458,1655
1458,1664
1458,1674
1458,1676
1458,1678
1458,1680
1458,1688
1458,1689
1458,1692
1458,1698
1458,1699
1458,1700
1458,1704
1458,1706
1458,1712
1458,1716
1458,1717
1458,1718
1458,1728
1458,1731
1458,1742
1458,1752
1458,1756
1458,1761
1458,1764
1458,1765
1458,1770
1458,1772
1458,1787
1458,1789
1458,1792
1458,1806
1458,1807
1458,1821
1458,1828
1458,1831
1458,1835
1458,1847
1458,1848
1458,1851
1458,1853
1458,1863
1458,1868
1458,1871
1458,1874
1458,1875
1458,1877
1458,1882
1458,1887
1458,1889
1458,1892
1458,1893
1458,1894
1458,1899
1458,1908
1458,1911
1458,1913
1458,1915
1458,1920
1458,1924
1459,1468
1459,1478
1459,1503
1459,1512
1459,1516
1459,1520
1459,1526
1459,1538
1459,1546
1459,1547
1459,1558
1459,1563
1459,1569
1459,1602
1459,1606
1459,1613
1459,1641
1459,1647
1459,1655
1459,1678
1459,1680
1459,1716
1459,1731
1459,1754
1459,1772
1459,1774
1459,1784
1459,1825
1459,1841
1459,1853
1459,1854
1459,1874
1459,1890
1459,1899
1459,1904
1460,1499
1460,1510
1460,1523
1460,1525
1460,1549
1460,1583
1460,1599
1460,1622
1460,1641
1460,1647
1460,1655
1460,1673
1460,1688
1460,1708
1460,1747
1460,1819
1460,1831
1460,1884
1460,1924
1461,1467
1461,1495
1461,1500
1461,1511
1461,1519
1461,1528
1461,1546
1461,1559
1461,1560
1461,1563
1461,1602
1461,1603
1461,1626
1461,1627
1461,1630
1461,1631
1461,1678
1461,1683
1461,1698
1461,1701
1461,1717
1461,1718
1461,1757
1461,1761
1461,1783
1461,1825
1461,1899
1461,1921
1462,1512
1462,1518
1462,1529
1462,1531
1462,1532
1462,1533
1462,1541
1462,1544
1462,1545
1462,1554
1462,1556
1462,1568
1462,1575
1462,1579
1462,1583
1462,1604
1462,1605
1462,1616
1462,1617
1462,1622
1462,1623
1462,1635
1462,1641
1462,1643
1462,1651
1462,1664
1462,1666
1462,1667
1462,1677
1462,1678
1462,1688
1462,1700
1462,1701
1462,1706
1462,1707
1462,1718
1462,1725
1462,1749
1462,1771
1462,1791
1462,1798
1462,1811
1462,1819
1462,1821
1462,1825
1462,1829
1462,1831
1462,1847
1462,1873
1462,1880
1462,1886
1462,1889
1462,1890
1462,1898
1462,1899
1462,1905
1462,1919
1462,1920
1462,1921
1463,1464
1463,1473
1463,1478
1463,1485
1463,1489
1463,1507
1463,1513
1463,1518
1463,1521
1463,1523
1463,1526
1463,1527
1463,1531
1463,1537
1463,1544
1463,1545
1463,1547
1463,1549
1463,1551
1463,1554
1463,1559
1463,1562
1463,1568
1463,1574
1463,1579
1463,1580
1463,1581
1463,1582
1463,1583
1463,1593
1463,1598
1463,1599
1463,1600
1463,1603
1463,1604
1463,1608
1463,1616
1463,1628
1463,1635
1463,1643
1463,1648
1463,1650
1463,1655
1463,1660
1463,1668
1463,1669
1463,1678
1463,1684
1463,1692
1463,1699
1463,1701
1463,1712
1463,1724
1463,1754
1463,1761
1463,1762
1463,1764
1463,1767
1463,1783
1463,1786
1463,1787
1463,1791
1463,1793
1463,1808
1463,1821
1463,1825
1463,1835
1463,1840
1463,1855
1463,1857
1463,1870
1463,1877
1463,1883
1463,1920
1463,1924
1464,1482
1464,1489
1464,1497
1464,1541
1464,1575
1464,1596
1464,1598
1464,1617
1464,1622
1464,1623
1464,1671
1464,1677
1464,1679
1464,1683
1464,1684
1464,1685
1464,1699
1464,1700
1464,1701
1464,1749
1464,1754
1464,1773
1464,1791
1464,1808
1464,1840
1464,1851
1464,1880
1464,1900
1465,1471
1465,1491
1465,1492
1465,1500
1465,1501
1465,1503
1465,1510
1465,1544
1465,1549
1465,1558
1465,1563
1465,1568
1465,1574
1465,1581
1465,1590
1465,1596
1465,1608
1465,1617
1465,1628
1465,1631
1465,1633
1465,1638
1465,1648
1465,1674
1465,1676
1465,1688
1465,1696
1465,1698
1465,1707
1465,1725
1465,1731
1465,1735
1465,1747
1465,1749
1465,1789
1465,1811
1465,1828
1465,1831
1465,1876
1465,1894
1465,1911
1466,1467
1466,1486
1466,1500
1466,1501
1466,1531
1466,1538
1466,1539
1466,1547
1466,1555
1466,1560
1466,1574
1466,1579
1466,1585
1466,1602
1466,1603
1466,1612
1466,1642
1466,1647
1466,1652
1466,1655
1466,1673
1466,1676
1466,1680
1466,1683
1466,1688
1466,1700
1466,1702
1466,1706
1466,1718
1466,1735
1466,1756
1466,1765
1466,1771
1466,1772
1466,1778
1466,1798
1466,1835
1466,1842
1466,1858
1466,1862
1466,1865
1466,1874
1466,1890
1466,1920
1467,1476
1467,1477
1467,1493
1467,1495
1467,1504
1467,1513
1467,1519
1467,1527
1467,1529
1467,1531
1467,1535
1467,1543
1467,1552
1467,1562
1467,1566
1467,1572
1467,1581
1467,1582
1467,1591
1467,1602
1467,1603
1467,1626
1467,1630
1467,1644
1467,1658
1467,1663
1467,1683
1467,1688
1467,1692
1467,1698
1467,1700
1467,1706
1467,1707
1467,1711
1467,1712
1467,1731
1467,1740
1467,1757
1467,1761
1467,1766
1467,1769
1467,1775
1467,1791
1467,1805
1467,1807
1467,1825
1467,1829
1467,1831
1467,1835
1467,1842
1467,1858
1467,1877
1467,1888
1467,1890
1467,1897
1467,1904
1467,1905
1467,1911
1467,1920
1468,1470
1468,1512
1468,1516
1468,1546
1468,1547
1468,1548
1468,1557
1468,1558
1468,1581
1468,1606
1468,1617
1468,1678
1468,1688
1468,1716
1468,1732
1468,1919
1469,1476
1469,1477
1469,1489
1469,1498
1469,1514
1469,1517
1469,1519
1469,1520
1469,1523
1469,1527
1469,1529
1469,1537
1469,1539
1469,1544
1469,1552
1469,1559
1469,1563
1469,1568
1469,1595
1469,1596
1469,1598
1469,1600
1469,1602
1469,1603
1469,1609
1469,1622
1469,1635
1469,1643
1469,1655
1469,1673
1469,1676
1469,1699
1469,1716
1469,1717
1469,1724
1469,1789
1469,1802
1469,1825
1469,1853
1469,1857
1469,1866
1469,1876
1469,1882
1469,1887
1469,1890
1469,1893
1469,1900
1469,1915
1469,1924
1470,1471
1470,1483
1470,1495
1470,1498
1470,1513
1470,1517
1470,1525
1470,1526
1470,1527
1470,1530
1470,1533
1470,1546
1470,1554
1470,1558
1470,1562
1470,1564
1470,1568
1470,1572
1470,1573
1470,1581
1470,1590
1470,1591
1470,1592
1470,1598
1470,1603
1470,1608
1470,1617
1470,1623
1470,1635
1470,1641
1470,1665
1470,1673
1470,1676
1470,1684
1470,1703
1470,1704
1470,1707
1470,1718
1470,1728
1470,1731
1470,1749
1470,1757
1470,1785
1470,1831
1470,1834
1470,1835
1470,1839
1470,1842
1470,1847
1470,1853
1470,1854
1470,1857
1470,1858
1470,1862
1470,1871
1470,1872
1470,1875
1470,1877
1470,1920
1471,1479
1471,1487
1471,1489
1471,1501
1471,1503
1471,1516
1471,1517
1471,1532
1471,1537
1471,1546
1471,1548
1471,1574
1471,1577
1471,1579
1471,1591
1471,1592
1471,1593
1471,1601
1471,1602
1471,1604
1471,1606
1471,1609
1471,1622
1471,1625
1471,1641
1471,1642
1471,1647
1471,1657
1471,1667
1471,1670
1471,1676
1471,1681
1471,1688
1471,1698
1471,1706
1471,1707
1471,1711
1471,1713
1471,1727
1471,1732
1471,1754
1471,1757
1471,1765
1471,1769
1471,1774
1471,1789
1471,1798
1471,1802
1471,1821
1471,1831
1471,1836
1471,1841
1471,1842
1471,1847
1471,1853
1471,1862
1471,1868
1471,1875
1471,1879
1471,1887
1471,1889
1471,1898
1471,1900
1471,1901
1471,1905
1471,1907
1471,1913
1471,1921
1471,1922
1471,1924
1473,1485
1473,1513
1473,1529
1473,1530
1473,1533
1473,1550
1473,1554
1473,1568
1473,1572
1473,1590
1473,1591
1473,1595
1473,1598
1473,1630
1473,1635
1473,1644
1473,1651
1473,1684
1473,1688
1473,1698
1473,1701
1473,1703
1473,1707
1473,1711
1473,1715
1473,1717
1473,1734
1473,1773
1473,1796
1473,1872
1473,1897
1473,1914
1473,1915
1473,1919
1473,1920
1474,1560
1474,1599
1474,1616
1474,1871
1474,1887
1474,1893
1475,1522
1475,1523
1475,1563
1475,1582
1475,1594
1475,1628
1475,1635
1475,1655
1475,1678
1475,1688
1475,1703
1475,1734
1475,1756
1475,1858
1475,1918
1476,1477
1476,1480
1476,1487
1476,1496
1476,1517
1476,1548
1476,1554
1476,1563
1476,1579
1476,1600
1476,1725
1476,1728
1476,1749
1476,1871
1476,1890
1476,1906
1476,1914
1476,1919
1477,1480
1477,1485
1477,1498
1477,1517
1477,1519
1477,1525
1477,1529
1477,1531
1477,1543
1477,1549
1477,1553
1477,1564
1477,1566
1477,1583
1477,1600
1477,1604
1477,1606
1477,1616
1477,1655
1477,1664
1477,1667
1477,1681
1477,1683
1477,1684
1477,1688
1477,1701
1477,1710
1477,1725
1477,1735
1477,1749
1477,1798
1477,1803
1477,1819
1477,1821
1477,1825
1477,1826
1477,1831
1477,1835
1477,1840
1477,1854
1477,1858
1477,1863
1477,1872
1477,1875
1477,1884
1477,1887
1477,1889
1477,1892
1477,1894
1477,1897
1477,1898
1477,1902
1477,1904
1477,1906
1477,1911
1477,1919
1477,1920
1478,1492
1478,1501
1478,1520
1478,1524
1478,1532
1478,1546
1478,1553
1478,1569
1478,1573
1478,1604
1478,1655
1478,1742
1478,1789
1478,1848
1478,1887
1478,1905
1478,1914
1478,1919
1478,1924
1479,1485
1479,1493
1479,1507
1479,1543
1479,1556
1479,1563
1479,1568
1479,1570
1479,1575
1479,1579
1479,1581
1479,1587
1479,1590
1479,1592
1479,1598
1479,1617
1479,1635
1479,1641
1479,1642
1479,1664
1479,1670
1479,1671
1479,1677
1479,1678
1479,1679
1479,1683
1479,1684
1479,1688
1479,1695
1479,1698
1479,1703
1479,1707
1479,1711
1479,1717
1479,1718
1479,1731
1479,1749
1479,1756
1479,1765
1479,1766
1479,1792
1479,1798
1479,1808
1479,1816
1479,1819
1479,1825
1479,1836
1479,1840
1479,1847
1479,1866
1479,1871
1479,1873
1479,1876
1479,1877
1479,1886
1479,1889
1479,1890
1479,1898
1479,1904
1479,1905
1479,1908
1479,1913
1479,1920
1480,1485
1480,1513
1480,1518
1480,1529
1480,1537
1480,1550
1480,1578
1480,1602
1480,1608
1480,1617
1480,1619
1480,1622
1480,1641
1480,1642
1480,1676
1480,1678
1480,1688
1480,1698
1480,1700
1480,1707
1480,1717
1480,1731
1480,1734
1480,1752
1480,1761
1480,1771
1480,1828
1480,1840
1480,1842
1480,1845
1480,1855
1480,1857
1480,1871
1480,1886
1480,1887
1480,1889
1480,1894
1480,1912
1482,1498
1482,1503
1482,1517
1482,1520
1482,1551
1482,1572
1482,1578
1482,1579
1482,1602
1482,1613
1482,1642
1482,1647
1482,1655
1482,1664
1482,1676
1482,1678
1482,1684
1482,1718
1482,1734
1482,1749
1482,1804
1482,1847
1482,1880
1482,1916
1482,1920
1483,1485
1483,1537
1483,1562
1483,1568
1483,1602
1483,1608
1483,1613
1483,1704
1483,1855
1483,1920
1484,1491
1484,1492
1484,1521
1484,1599
1484,1655
1484,1681
1484,1683
1484,1774
1484,1785
1484,1786
1484,1794
1484,1841
1484,1850
1484,1855
1484,1880
1484,1889
1484,1901
1484,1914
1484,1923
1485,1489
1485,1502
1485,1516
1485,1517
1485,1529
1485,1531
1485,1532
1485,1546
1485,1554
1485,1556
1485,1570
1485,1582
1485,1592
1485,1601
1485,1628
1485,1630
1485,1641
1485,1642
1485,1677
1485,1698
1485,1771
1485,1792
1485,1798
1485,1805
1485,1847
1485,1885
1485,1886
1485,1888
1485,1889
1485,1897
1485,1919
1486,1531
1486,1550
1486,1603
1486,1829
1486,1835
1486,1847
1486,1862
1487,1493
1487,1497
1487,1500
1487,1501
1487,1502
1487,1505
1487,1512
1487,1520
1487,1556
1487,1557
1487,1559
1487,1563
1487,1568
1487,1569
1487,1578
1487,1590
1487,1592
1487,1634
1487,1638
1487,1641
1487,1647
1487,1657
1487,1664
1487,1667
1487,1670
1487,1683
1487,1698
1487,1700
1487,1707
1487,1711
1487,1725
1487,1731
1487,1734
1487,1740
1487,1742
1487,1752
1487,1754
1487,1761
1487,1765
1487,1769
1487,1772
1487,1786
1487,1802
1487,1829
1487,1831
1487,1836
1487,1840
1487,1847
1487,1853
1487,1854
1487,1868
1487,1879
1487,1893
1487,1897
1487,1905
1487,1911
1489,1498
1489,1500
1489,1511
1489,1514
1489,1516
1489,1517
1489,1526
1489,1529
1489,1544
1489,1545
1489,1546
1489,1558
1489,1559
1489,1562
1489,1574
1489,1577
1489,1585
1489,1590
1489,1597
1489,1598
1489,1599
1489,1602
1489,1604
1489,1606
1489,1613
1489,1616
1489,1617
1489,1619
1489,1628
1489,1635
1489,1655
1489,1656
1489,1657
1489,1661
1489,1666
1489,1671
1489,1674
1489,1675
1489,1676
1489,1677
1489,1678
1489,1680
1489,1684
1489,1687
1489,1692
1489,1694
1489,1698
1489,1699
1489,1701
1489,1702
1489,1703
1489,1707
1489,1712
1489,1716
1489,1724
1489,1725
1489,1731
1489,1752
1489,1754
1489,1756
1489,1761
1489,1764
1489,1766
1489,1767
1489,1769
1489,1770
1489,1779
1489,1783
1489,1791
1489,1813
1489,1821
1489,1840
1489,1841
1489,1847
1489,1857
1489,1862
1489,1871
1489,1900
1489,1901
1489,1914
1489,1915
1489,1920
1490,1519
1490,1552
1490,1574
1490,1575
1490,1582
1490,1603
1490,1625
1490,1664
1490,1670
1490,1679
1490,1684
1490,1711
1490,1725
1490,1749
1490,1772
1490,1789
1490,1806
1490,1819
1490,1825
1490,1828
1490,1847
1490,1871
1490,1890
1490,1913
1491,1502
1491,1504
1491,1520
1491,1530
1491,1541
1491,1542
1491,1563
1491,1573
1491,1575
1491,1587
1491,1592
1491,1602
1491,1604
1491,1612
1491,1634
1491,1640
1491,1655
1491,1671
1491,1674
1491,1688
1491,1692
1491,1694
1491,1698
1491,1707
1491,1734
1491,1779
1491,1802
1491,1819
1491,1829
1491,1831
1491,1834
1491,1847
1491,1854
1491,1855
1491,1865
1491,1875
1491,1876
1491,1885
1491,1886
1491,1894
1491,1916
1492,1501
1492,1504
1492,1520
1492,1527
1492,1530
1492,1547
1492,1550
1492,1551
1492,1570
1492,1599
1492,1603
1492,1608
1492,1623
1492,1642
1492,1643
1492,1664
1492,1678
1492,1685
1492,1688
1492,1701
1492,1704
1492,1707
1492,1718
1492,1727
1492,1754
1492,1761
1492,1769
1492,1774
1492,1835
1492,1841
1492,1858
1492,1880
1492,1887
1492,1889
1492,1894
1492,1919
1492,1921
1492,1924
1493,1495
1493,1502
1493,1521
1493,1526
1493,1531
1493,1532
1493,1538
1493,1550
1493,1568
1493,1576
1493,1582
1493,1603
1493,1623
1493,1626
1493,1630
1493,1643
1493,1647
1493,1676
1493,1680
1493,1688
1493,1704
1493,1707
1493,1718
1493,1731
1493,1735
1493,1749
1493,1757
1493,1761
1493,1768
1493,1790
1493,1791
1493,1802
1493,1805
1493,1825
1493,1828
1493,1858
1493,1863
1493,1874
1493,1876
1493,1880
1493,1888
1493,1889
1493,1890
1493,1908
1493,1912
1493,1916
1493,1920
1495,1501
1495,1502
1495,1512
1495,1519
1495,1520
1495,1521
1495,1527
1495,1530
1495,1532
1495,1538
1495,1539
1495,1551
1495,1560
1495,1572
1495,1574
1495,1578
1495,1581
1495,1582
1495,1590
1495,1591
1495,1596
1495,1599
1495,1601
1495,1603
1495,1604
1495,1613
1495,1617
1495,1622
1495,1623
1495,1644
1495,1645
1495,1647
1495,1652
1495,1660
1495,1665
1495,1666
1495,1669
1495,1674
1495,1676
1495,1680
1495,1688
1495,1692
1495,1698
1495,1700
1495,1704
1495,1707
1495,1715
1495,1716
1495,1717
1495,1731
1495,1752
1495,1754
1495,1761
1495,1765
1495,1770
1495,1794
1495,1802
1495,1825
1495,1828
1495,1831
1495,1835
1495,1839
1495,1840
1495,1841
1495,1858
1495,1865
1495,1868
1495,1874
1495,1880
1495,1886
1495,1899
1495,1907
1495,1908
1495,1918
1496,1497
1496,1505
1496,1528
1496,1543
1496,1579
1496,1582
1496,1599
1496,1602
1496,1606
1496,1619
1496,1688
1496,1692
1496,1699
1496,1700
1496,1716
1496,1740
1496,1775
1496,1835
1496,1858
1496,1866
1496,1874
1496,1893
1496,1912
1497,1505
1497,1511
1497,1526
1497,1528
1497,1563
1497,1578
1497,1596
1497,1617
1497,1619
1497,1631
1497,1678
1497,1700
1497,1740
1497,1789
1497,1857
1497,1866
1497,1883
1497,1886
1497,1893
1498,1521
1498,1526
1498,1527
1498,1528
1498,1543
1498,1545
1498,1560
1498,1590
1498,1591
1498,1593
1498,1613
1498,1622
1498,1624
1498,1652
1498,1672
1498,1676
1498,1684
1498,1688
1498,1695
1498,1699
1498,1715
1498,1747
1498,1755
1498,1767
1498,1773
1498,1775
1498,1790
1498,1807
1498,1811
1498,1831
1498,1834
1498,1840
1498,1850
1498,1870
1498,1875
1499,1510
1499,1519
1499,1520
1499,1525
1499,1529
1499,1539
1499,1544
1499,1549
1499,1557
1499,1562
1499,1582
1499,1599
1499,1659
1499,1692
1499,1696
1499,1757
1499,1825
1499,1831
1499,1884
1499,1890
1499,1907
1499,1913
1500,1511
1500,1514
1500,1516
1500,1539
1500,1572
1500,1579
1500,1582
1500,1596
1500,1599
1500,1614
1500,1617
1500,1638
1500,1649
1500,1688
1500,1767
1500,1779
1500,1786
1500,1840
1500,1857
1500,1911
1500,1917
1500,1918
1500,1919
1501,1503
1501,1504
1501,1505
1501,1507
1501,1510
1501,1516
1501,1517
1501,1521
1501,1522
1501,1524
1501,1525
1501,1527
1501,1528
1501,1529
1501,1538
1501,1539
1501,1541
1501,1545
1501,1550
1501,1555
1501,1566
1501,1572
1501,1578
1501,1579
1501,1580
1501,1582
1501,1585
1501,1593
1501,1598
1501,1603
1501,1604
1501,1623
1501,1648
1501,1656
1501,1659
1501,1660
1501,1664
1501,1677
1501,1678
1501,1680
1501,1684
1501,1688
1501,1691
1501,1694
1501,1696
1501,1703
1501,1706
1501,1708
1501,1727
1501,1740
1501,1752
1501,1757
1501,1761
1501,1766
1501,1770
1501,1771
1501,1775
1501,1790
1501,1791
1501,1792
1501,1804
1501,1805
1501,1825
1501,1835
1501,1845
1501,1847
1501,1863
1501,1866
1501,1879
1501,1901
1501,1904
1501,1924
1502,1530
1502,1532
1502,1533
1502,1537
1502,1554
1502,1555
1502,1556
1502,1574
1502,1587
1502,1596
1502,1608
1502,1612
1502,1626
1502,1635
1502,1643
1502,1688
1502,1689
1502,1699
1502,1701
1502,1707
1502,1708
1502,1734
1502,1749
1502,1816
1502,1836
1502,1845
1502,1857
1502,1874
1502,1889
1502,1906
1502,1924
1503,1510
1503,1511
1503,1517
1503,1524
1503,1526
1503,1535
1503,1543
1503,1546
1503,1551
1503,1557
1503,1562
1503,1570
1503,1573
1503,1576
1503,1579
1503,1580
1503,1593
1503,1596
1503,1598
1503,1601
1503,1605
1503,1609
1503,1613
1503,1623
1503,1631
1503,1641
1503,1644
1503,1659
1503,1667
1503,1676
1503,1678
1503,1680
1503,1683
1503,1684
1503,1688
1503,1689
1503,1692
1503,1699
1503,1717
1503,1718
1503,1732
1503,1735
1503,1740
1503,1765
1503,1772
1503,1831
1503,1839
1503,1841
1503,1847
1503,1848
1503,1857
1503,1871
1503,1872
1503,1874
1503,1875
1503,1882
1503,1886
1503,1887
1503,1888
1504,1517
1504,1522
1504,1526
1504,1528
1504,1531
1504,1543
1504,1547
1504,1556
1504,1582
1504,1587
1504,1591
1504,1597
1504,1604
1504,1613
1504,1626
1504,1634
1504,1643
1504,1644
1504,1676
1504,1700
1504,1701
1504,1754
1504,1768
1504,1783
1504,1789
1504,1808
1504,1831
1504,1848
1504,1871
1504,1872
1504,1913
1504,1919
1504,1920
1505,1512
1505,1526
1505,1528
1505,1537
1505,1547
1505,1562
1505,1578
1505,1581
1505,1599
1505,1619
1505,1622
1505,1627
1505,1667
1505,1679
1505,1688
1505,1700
1505,1716
1505,1752
1505,1756
1505,1779
1505,1791
1505,1816
1505,1823
1505,1831
1505,1853
1505,1858
1505,1866
1505,1871
1505,1879
1505,1883
1505,1892
1505,1893
1505,1908
1505,1920
1507,1522
1507,1524
1507,1530
1507,1538
1507,1603
1507,1617
1507,1684
1507,1688
1507,1694
1507,1699
1507,1706
1507,1711
1507,1766
1507,1828
1507,1840
1507,1857
1507,1877
1507,1920
1510,1519
1510,1521
1510,1523
1510,1525
1510,1529
1510,1531
1510,1544
1510,1546
1510,1549
1510,1553
1510,1568
1510,1579
1510,1581
1510,1583
1510,1591
1510,1599
1510,1600
1510,1617
1510,1643
1510,1654
1510,1678
1510,1804
1510,1811
1510,1825
1510,1829
1510,1835
1510,1841
1510,1847
1510,1853
1510,1854
1510,1879
1510,1886
1510,1901
1510,1919
1510,1924
1511,1516
1511,1520
1511,1524
1511,1531
1511,1538
1511,1563
1511,1577
1511,1590
1511,1599
1511,1603
1511,1614
1511,1617
1511,1649
1511,1652
1511,1698
1511,1700
1511,1701
1511,1717
1511,1790
1511,1792
1511,1811
1511,1840
1511,1876
1511,1883
1511,1905
1511,1911
1511,1917
1512,1522
1512,1525
1512,1527
1512,1531
1512,1538
1512,1541
1512,1545
1512,1547
1512,1559
1512,1569
1512,1578
1512,1582
1512,1593
1512,1596
1512,1599
1512,1602
1512,1603
1512,1604
1512,1655
1512,1667
1512,1688
1512,1713
1512,1716
1512,1727
1512,1728
1512,1731
1512,1732
1512,1742
1512,1749
1512,1752
1512,1774
1512,1777
1512,1786
1512,1787
1512,1805
1512,1819
1512,1825
1512,1829
1512,1835
1512,1836
1512,1851
1512,1863
1512,1865
1512,1879
1512,1882
1512,1893
1512,1920
1512,1921
1512,1922
1513,1516
1513,1518
1513,1519
1513,1523
1513,1525
1513,1527
1513,1543
1513,1544
1513,1549
1513,1550
1513,1552
1513,1560
1513,1563
1513,1569
1513,1574
1513,1582
1513,1590
1513,1591
1513,1602
1513,1603
1513,1604
1513,1613
1513,1616
1513,1622
1513,1628
1513,1638
1513,1655
1513,1681
1513,1684
1513,1685
1513,1703
1513,1717
1513,1718
1513,1721
1513,1724
1513,1731
1513,1742
1513,1761
1513,1772
1513,1775
1513,1779
1513,1786
1513,1853
1513,1854
1513,1885
1513,1889
1513,1890
1513,1894
1513,1904
1513,1906
1513,1907
1513,1912
1514,1520
1514,1530
1514,1551
1514,1554
1514,1568
1514,1582
1514,1590
1514,1592
1514,1598
1514,1617
1514,1641
1514,1659
1514,1664
1514,1713
1514,1716
1514,1747
1514,1752
1514,1757
1514,1779
1514,1840
1514,1872
1514,1876
1516,1520
1516,1527
1516,1546
1516,1548
1516,1557
1516,1558
1516,1568
1516,1606
1516,1619
1516,1643
1516,1647
1516,1664
1516,1673
1516,1683
1516,1698
1516,1708
1516,1749
1516,1883
1516,1887
1516,1894
1517,1520
1517,1525
1517,1527
1517,1529
1517,1537
1517,1539
1517,1550
1517,1554
1517,1563
1517,1572
1517,1579
1517,1581
1517,1585
1517,1590
1517,1591
1517,1595
1517,1599
1517,1600
1517,1602
1517,1603
1517,1612
1517,1622
1517,1629
1517,1635
1517,1649
1517,1656
1517,1657
1517,1678
1517,1679
1517,1680
1517,1688
1517,1699
1517,1703
1517,1707
1517,1708
1517,1717
1517,1718
1517,1725
1517,1727
1517,1728
1517,1734
1517,1740
1517,1742
1517,1761
1517,1764
1517,1769
1517,1771
1517,1775
1517,1786
1517,1789
1517,1791
1517,1811
1517,1825
1517,1826
1517,1829
1517,1834
1517,1835
1517,1836
1517,1839
1517,1840
1517,1847
1517,1848
1517,1854
1517,1855
1517,1857
1517,1865
1517,1871
1517,1874
1517,1875
1517,1890
1517,1892
1517,1898
1517,1901
1517,1904
1517,1905
1517,1906
1517,1908
1517,1913
1517,1920
1517,1922
1517,1923
1517,1924
1518,1527
1518,1530
1518,1532
1518,1541
1518,1543
1518,1544
1518,1549
1518,1562
1518,1574
1518,1577
1518,1600
1518,1604
1518,1609
1518,1612
1518,1613
1518,1616
1518,1623
1518,1643
1518,1655
1518,1664
1518,1676
1518,1683
1518,1691
1518,1695
1518,1698
1518,1718
1518,1721
1518,1767
1518,1783
1518,1789
1518,1821
1518,1825
1518,1884
1518,1890
1518,1893
1518,1900
1519,1523
1519,1525
1519,1529
1519,1531
1519,1538
1519,1539
1519,1544
1519,1546
1519,1549
1519,1553
1519,1573
1519,1574
1519,1575
1519,1578
1519,1579
1519,1583
1519,1590
1519,1591
1519,1592
1519,1594
1519,1598
1519,1599
1519,1600
1519,1602
1519,1619
1519,1623
1519,1625
1519,1629
1519,1640
1519,1643
1519,1645
1519,1655
1519,1659
1519,1664
1519,1665
1519,1667
1519,1674
1519,1678
1519,1679
1519,1681
1519,1683
1519,1688
1519,1689
1519,1692
1519,1695
1519,1703
1519,1704
1519,1725
1519,1728
1519,1756
1519,1757
1519,1759
1519,1764
1519,1772
1519,1786
1519,1789
1519,1803
1519,1806
1519,1811
1519,1819
1519,1821
1519,1825
1519,1826
1519,1831
1519,1848
1519,1853
1519,1858
1519,1862
1519,1875
1519,1882
1519,1884
1519,1885
1519,1890
1519,1898
1519,1900
1519,1905
1519,1908
1519,1911
1519,1913
1519,1915
1519,1919
1520,1527
1520,1530
1520,1531
1520,1532
1520,1537
1520,1540
1520,1541
1520,1546
1520,1554
1520,1556
1520,1562
1520,1568
1520,1569
1520,1570
1520,1573
1520,1574
1520,1578
1520,1579
1520,1590
1520,1592
1520,1596
1520,1600
1520,1603
1520,1604
1520,1608
1520,1614
1520,1622
1520,1623
1520,1626
1520,1630
1520,1641
1520,1643
1520,1660
1520,1664
1520,1666
1520,1667
1520,1678
1520,1679
1520,1684
1520,1701
1520,1703
1520,1704
1520,1718
1520,1734
1520,1742
1520,1757
1520,1773
1520,1787
1520,1805
1520,1829
1520,1831
1520,1840
1520,1850
1520,1868
1520,1883
1520,1886
1520,1889
1520,1899
1520,1918
1520,1919
1520,1921
1520,1924
1521,1537
1521,1541
1521,1543
1521,1545
1521,1556
1521,1562
1521,1574
1521,1577
1521,1582
1521,1593
1521,1599
1521,1606
1521,1628
1521,1655
1521,1671
1521,1698
1521,1706
1521,1707
1521,1718
1521,1735
1521,1749
1521,1768
1521,1774
1521,1783
1521,1787
1521,1811
1521,1834
1521,1836
1521,1840
1521,1847
1521,1851
1521,1853
1521,1876
1521,1919
1522,1524
1522,1526
1522,1531
1522,1537
1522,1538
1522,1563
1522,1573
1522,1585
1522,1590
1522,1603
1522,1679
1522,1684
1522,1688
1522,1696
1522,1698
1522,1706
1522,1752
1522,1761
1522,1779
1522,1791
1522,1825
1522,1828
1522,1831
1522,1840
1522,1847
1522,1858
1522,1874
1522,1879
1522,1888
1522,1892
1522,1898
1522,1902
1522,1903
1522,1920
1523,1525
1523,1527
1523,1529
1523,1531
1523,1538
1523,1539
1523,1544
1523,1547
1523,1549
1523,1553
1523,1556
1523,1559
1523,1566
1523,1573
1523,1578
1523,1582
1523,1583
1523,1592
1523,1599
1523,1600
1523,1603
1523,1604
1523,1606
1523,1625
1523,1628
1523,1642
1523,1644
1523,1651
1523,1655
1523,1657
1523,1659
1523,1665
1523,1667
1523,1671
1523,1677
1523,1679
1523,1681
1523,1683
1523,1692
1523,1696
1523,1698
1523,1699
1523,1700
1523,1701
1523,1712
1523,1713
1523,1735
1523,1759
1523,1774
1523,1789
1523,1793
1523,1808
1523,1816
1523,1825
1523,1831
1523,1853
1523,1868
1523,1882
1523,1898
1523,1905
1523,1906
1523,1914
1523,1915
1523,1921
1524,1525
1524,1532
1524,1537
1524,1538
1524,1546
1524,1549
1524,1562
1524,1563
1524,1568
1524,1579
1524,1582
1524,1592
1524,1593
1524,1598
1524,1603
1524,1609
1524,1617
1524,1630
1524,1648
1524,1671
1524,1674
1524,1681
1524,1683
1524,1694
1524,1703
1524,1706
1524,1707
1524,1711
1524,1731
1524,1754
1524,1756
1524,1774
1524,1805
1524,1825
1524,1828
1524,1851
1524,1857
1524,1863
1524,1888
1524,1911
1524,1912
1524,1916
1524,1924
1525,1527
1525,1529
1525,1531
1525,1537
1525,1538
1525,1544
1525,1545
1525,1549
1525,1553
1525,1559
1525,1562
1525,1563
1525,1566
1525,1583
1525,1585
1525,1591
1525,1592
1525,1593
1525,1598
1525,1599
1525,1600
1525,1603
1525,1605
1525,1636
1525,1638
1525,1640
1525,1642
1525,1643
1525,1644
1525,1648
1525,1652
1525,1655
1525,1665
1525,1674
1525,1677
1525,1678
1525,1681
1525,1683
1525,1689
1525,1694
1525,1696
1525,1700
1525,1701
1525,1703
1525,1713
1525,1740
1525,1747
1525,1752
1525,1755
1525,1756
1525,1759
1525,1761
1525,1766
1525,1771
1525,1789
1525,1803
1525,1818
1525,1821
1525,1825
1525,1829
1525,1834
1525,1858
1525,1879
1525,1884
1525,1890
1525,1915
1525,1920
1525,1924
1526,1528
1526,1531
1526,1537
1526,1543
1526,1550
1526,1560
1526,1572
1526,1582
1526,1593
1526,1597
1526,1598
1526,1600
1526,1603
1526,1613
1526,1614
1526,1617
1526,1622
1526,1628
1526,1641
1526,1645
1526,1650
1526,1652
1526,1655
1526,1668
1526,1676
1526,1681
1526,1684
1526,1695
1526,1700
1526,1716
1526,1731
1526,1756
1526,1761
1526,1783
1526,1787
1526,1793
1526,1825
1526,1831
1526,1840
1526,1842
1526,1857
1526,1871
1526,1905
1526,1920
1527,1529
1527,1531
1527,1532
1527,1539
1527,1541
1527,1544
1527,1550
1527,1552
1527,1556
1527,1559
1527,1562
1527,1566
1527,1568
1527,1574
1527,1578
1527,1579
1527,1580
1527,1582
1527,1587
1527,1591
1527,1592
1527,1598
1527,1599
1527,1603
1527,1604
1527,1616
1527,1623
1527,1626
1527,1628
1527,1644
1527,1649
1527,1655
1527,1664
1527,1670
1527,1678
1527,1681
1527,1683
1527,1688
1527,1689
1527,1695
1527,1701
1527,1717
1527,1718
1527,1735
1527,1752
1527,1754
1527,1755
1527,1756
1527,1761
1527,1766
1527,1773
1527,1779
1527,1783
1527,1825
1527,1828
1527,1831
1527,1845
1527,1854
1527,1857
1527,1863
1527,1866
1527,1868
1527,1871
1527,1872
1527,1877
1527,1879
1527,1884
1527,1887
1527,1898
1527,1908
1527,1911
1527,1921
1528,1543
1528,1545
1528,1554
1528,1591
1528,1597
1528,1598
1528,1603
1528,1613
1528,1619
1528,1627
1528,1638
1528,1641
1528,1643
1528,1676
1528,1688
1528,1698
1528,1700
1528,1701
1528,1711
1528,1716
1528,1761
1528,1768
1528,1775
1528,1783
1528,1791
1528,1792
1528,1802
1528,1831
1528,1842
1528,1857
1528,1866
1528,1876
1528,1880
1528,1920
1529,1531
1529,1539
1529,1544
1529,1549
1529,1562
1529,1563
1529,1583
1529,1599
1529,1600
1529,1601
1529,1616
1529,1617
1529,1622
1529,1648
1529,1655
1529,1664
1529,1667
1529,1681
1529,1683
1529,1694
1529,1695
1529,1696
1529,1731
1529,1759
1529,1771
1529,1787
1529,1789
1529,1798
1529,1825
1529,1831
1529,1834
1529,1851
1529,1853
1529,1871
1529,1874
1529,1885
1529,1886
1529,1888
1529,1894
1529,1898
1529,1915
1529,1919
1530,1532
1530,1552
1530,1554
1530,1562
1530,1573
1530,1590
1530,1598
1530,1600
1530,1608
1530,1613
1530,1630
1530,1635
1530,1652
1530,1655
1530,1664
1530,1666
1530,1688
1530,1689
1530,1699
1530,1701
1530,1708
1530,1713
1530,1731
1530,1740
1530,1752
1530,1790
1530,1808
1530,1821
1530,1831
1530,1847
1530,1871
1530,1887
1530,1899
1530,1911
1530,1920
1531,1532
1531,1533
1531,1541
1531,1543
1531,1544
1531,1545
1531,1549
1531,1550
1531,1552
1531,1554
1531,1555
1531,1559
1531,1560
1531,1562
1531,1566
1531,1574
1531,1577
1531,1580
1531,1582
1531,1583
1531,1591
1531,1593
1531,1599
1531,1600
1531,1602
1531,1603
1531,1604
1531,1616
1531,1617
1531,1628
1531,1630
1531,1642
1531,1655
1531,1658
1531,1665
1531,1669
1531,1676
1531,1683
1531,1688
1531,1691
1531,1692
1531,1718
1531,1724
1531,1728
1531,1731
1531,1749
1531,1752
1531,1756
1531,1761
1531,1773
1531,1774
1531,1779
1531,1783
1531,1787
1531,1791
1531,1803
1531,1805
1531,1811
1531,1825
1531,1829
1531,1831
1531,1835
1531,1853
1531,1858
1531,1871
1531,1872
1531,1879
1531,1882
1531,1884
1531,1894
1531,1902
1531,1911
1531,1920
1531,1921
1532,1537
1532,1538
1532,1547
1532,1554
1532,1556
1532,1563
1532,1574
1532,1591
1532,1596
1532,1599
1532,1604
1532,1606
1532,1608
1532,1612
1532,1613
1532,1614
1532,1617
1532,1623
1532,1635
1532,1651
1532,1672
1532,1678
1532,1701
1532,1712
1532,1713
1532,1716
1532,1731
1532,1765
1532,1769
1532,1771
1532,1772
1532,1773
1532,1778
1532,1789
1532,1790
1532,1805
1532,1821
1532,1828
1532,1831
1532,1853
1532,1858
1532,1863
1532,1874
1532,1880
1532,1886
1532,1888
1532,1899
1532,1901
1532,1903
1532,1905
1532,1912
1532,1916
1532,1919
1532,1921
1532,1924
1533,1535
1533,1541
1533,1547
1533,1555
1533,1641
1533,1689
1533,1691
1533,1713
1533,1765
1533,1906
1533,1914
1535,1554
1535,1568
1535,1582
1535,1587
1535,1613
1535,1629
1535,1641
1535,1683
1535,1688
1535,1692
1535,1698
1535,1717
1535,1766
1535,1787
1535,1851
1537,1549
1537,1556
1537,1559
1537,1560
1537,1568
1537,1572
1537,1576
1537,1578
1537,1580
1537,1581
1537,1582
1537,1583
1537,1585
1537,1598
1537,1603
1537,1613
1537,1619
1537,1626
1537,1628
1537,1643
1537,1647
1537,1650
1537,1655
1537,1668
1537,1678
1537,1683
1537,1688
1537,1689
1537,1703
1537,1718
1537,1724
1537,1725
1537,1728
1537,1731
1537,1735
1537,1740
1537,1757
1537,1762
1537,1772
1537,1821
1537,1825
1537,1828
1537,1829
1537,1835
1537,1839
1537,1840
1537,1847
1537,1850
1537,1853
1537,1858
1537,1886
1537,1912
1537,1918
1538,1544
1538,1549
1538,1562
1538,1563
1538,1568
1538,1574
1538,1575
1538,1579
1538,1583
1538,1592
1538,1593
1538,1604
1538,1609
1538,1617
1538,1630
1538,1655
1538,1659
1538,1666
1538,1671
1538,1674
1538,1679
1538,1689
1538,1694
1538,1699
1538,1706
1538,1711
1538,1717
1538,1731
1538,1749
1538,1772
1538,1774
1538,1777
1538,1778
1538,1779
1538,1786
1538,1790
1538,1791
1538,1805
1538,1825
1538,1828
1538,1836
1538,1857
1538,1863
1538,1874
1538,1886
1538,1888
1538,1890
1538,1903
1538,1911
1538,1912
1538,1916
1538,1920
1538,1924
1539,1541
1539,1544
1539,1545
1539,1546
1539,1547
1539,1549
1539,1554
1539,1558
1539,1562
1539,1568
1539,1570
1539,1579
1539,1580
1539,1581
1539,1587
1539,1596
1539,1599
1539,1600
1539,1602
1539,1603
1539,1613
1539,1617
1539,1631
1539,1635
1539,1658
1539,1659
1539,1665
1539,1669
1539,1678
1539,1684
1539,1699
1539,1701
1539,1703
1539,1707
1539,1708
1539,1716
1539,1717
1539,1724
1539,1749
1539,1754
1539,1761
1539,1769
1539,1770
1539,1771
1539,1772
1539,1789
1539,1791
1539,1796
1539,1829
1539,1831
1539,1839
1539,1841
1539,1855
1539,1858
1539,1879
1539,1880
1539,1884
1539,1905
1539,1920
1539,1924
1540,1542
1540,1554
1540,1625
1540,1641
1540,1672
1540,1779
1540,1875
1540,1920
1541,1547
1541,1554
1541,1555
1541,1563
1541,1574
1541,1575
1541,1578
1541,1579
1541,1581
1541,1590
1541,1598
1541,1599
1541,1602
1541,1604
1541,1606
1541,1608
1541,1619
1541,1636
1541,1642
1541,1643
1541,1649
1541,1659
1541,1678
1541,1679
1541,1683
1541,1688
1541,1691
1541,1698
1541,1699
1541,1707
1541,1710
1541,1717
1541,1718
1541,1734
1541,1735
1541,1749
1541,1765
1541,1787
1541,1789
1541,1798
1541,1847
1541,1851
1541,1862
1541,1872
1541,1880
1541,1881
1541,1887
1541,1897
1541,1901
1541,1906
1541,1920
1541,1921
1542,1546
1542,1554
1542,1573
1542,1598
1542,1599
1542,1619
1542,1641
1542,1642
1542,1654
1542,1688
1542,1708
1542,1749
1542,1765
1542,1789
1542,1834
1542,1841
1542,1853
1542,1875
1542,1907
1542,1920
1543,1545
1543,1550
1543,1551
1543,1562
1543,1582
1543,1590
1543,1597
1543,1603
1543,1604
1543,1613
1543,1614
1543,1622
1543,1630
1543,1634
1543,1635
1543,1658
1543,1664
1543,1671
1543,1673
1543,1676
1543,1678
1543,1679
1543,1680
1543,1684
1543,1685
1543,1700
1543,1701
1543,1706
1543,1711
1543,1727
1543,1728
1543,1749
1543,1752
1543,1761
1543,1775
1543,1783
1543,1786
1543,1790
1543,1808
1543,1829
1543,1831
1543,1835
1543,1842
1543,1845
1543,1848
1543,1893
1543,1916
1543,1923
1544,1549
1544,1553
1544,1559
1544,1569
1544,1573
1544,1583
1544,1592
1544,1598
1544,1599
1544,1600
1544,1604
1544,1605
1544,1614
1544,1616
1544,1628
1544,1642
1544,1644
1544,1651
1544,1655
1544,1659
1544,1664
1544,1665
1544,1674
1544,1676
1544,1681
1544,1683
1544,1698
1544,1701
1544,1713
1544,1724
1544,1732
1544,1762
1544,1783
1544,1789
1544,1811
1544,1821
1544,1825
1544,1831
1544,1853
1544,1876
1544,1884
1544,1890
1544,1893
1544,1897
1544,1913
1544,1915
1544,1918
1544,1920
1545,1550
1545,1556
1545,1574
1545,1579
1545,1580
1545,1582
1545,1604
1545,1613
1545,1616
1545,1625
1545,1626
1545,1628
1545,1635
1545,1647
1545,1649
1545,1655
1545,1656
1545,1684
1545,1695
1545,1706
1545,1718
1545,1731
1545,1735
1545,1749
1545,1759
1545,1768
1545,1771
1545,1783
1545,1791
1545,1836
1545,1889
1545,1894
1545,1911
1545,1921
1546,1547
1546,1548
1546,1554
1546,1557
1546,1558
1546,1562
1546,1563
1546,1579
1546,1590
1546,1599
1546,1606
1546,1613
1546,1616
1546,1634
1546,1642
1546,1655
1546,1661
1546,1671
1546,1678
1546,1681
1546,1685
1546,1688
1546,1701
1546,1708
1546,1711
1546,1713
1546,1716
1546,1717
1546,1743
1546,1761
1546,1768
1546,1770
1546,1779
1546,1825
1546,1840
1546,1847
1546,1851
1546,1857
1546,1879
1546,1890
1546,1898
1546,1900
1546,1901
1546,1907
1546,1921
1546,1924
1547,1555
1547,1558
1547,1560
1547,1576
1547,1577
1547,1578
1547,1582
1547,1585
1547,1587
1547,1590
1547,1595
1547,1599
1547,1602
1547,1605
1547,1606
1547,1608
1547,1609
1547,1613
1547,1617
1547,1619
1547,1626
1547,1629
1547,1634
1547,1635
1547,1642
1547,1643
1547,1644
1547,1649
1547,1655
1547,1660
1547,1664
1547,1665
1547,1676
1547,1683
1547,1684
1547,1691
1547,1692
1547,1698
1547,1701
1547,1703
1547,1707
1547,1713
1547,1716
1547,1717
1547,1721
1547,1725
1547,1734
1547,1743
1547,1747
1547,1752
1547,1756
1547,1765
1547,1768
1547,1770
1547,1775
1547,1798
1547,1808
1547,1816
1547,1823
1547,1828
1547,1845
1547,1847
1547,1850
1547,1855
1547,1868
1547,1870
1547,1889
1548,1557
1548,1558
1548,1590
1548,1606
1548,1904
1549,1553
1549,1559
1549,1563
1549,1569
1549,1583
1549,1586
1549,1592
1549,1599
1549,1600
1549,1605
1549,1625
1549,1631
1549,1636
1549,1640
1549,1645
1549,1657
1549,1665
1549,1668
1549,1674
1549,1681
1549,1683
1549,1688
1549,1689
1549,1695
1549,1696
1549,1700
1549,1701
1549,1712
1549,1713
1549,1717
1549,1735
1549,1740
1549,1755
1549,1756
1549,1757
1549,1759
1549,1761
1549,1786
1549,1806
1549,1808
1549,1811
1549,1821
1549,1825
1549,1826
1549,1829
1549,1848
1549,1850
1549,1879
1549,1884
1549,1890
1549,1914
1549,1915
1549,1919
1550,1552
1550,1554
1550,1560
1550,1562
1550,1566
1550,1569
1550,1572
1550,1578
1550,1580
1550,1592
1550,1603
1550,1622
1550,1629
1550,1630
1550,1635
1550,1641
1550,1645
1550,1649
1550,1671
1550,1676
1550,1680
1550,1683
1550,1685
1550,1688
1550,1695
1550,1700
1550,1704
1550,1706
1550,1707
1550,1717
1550,1721
1550,1727
1550,1731
1550,1740
1550,1749
1550,1752
1550,1761
1550,1765
1550,1773
1550,1775
1550,1791
1550,1794
1550,1807
1550,1816
1550,1826
1550,1831
1550,1835
1550,1839
1550,1841
1550,1845
1550,1854
1550,1857
1550,1863
1550,1866
1550,1872
1550,1877
1550,1880
1550,1887
1550,1888
1550,1906
1550,1921
1551,1554
1551,1556
1551,1562
1551,1568
1551,1572
1551,1573
1551,1574
1551,1591
1551,1598
1551,1604
1551,1617
1551,1642
1551,1652
1551,1663
1551,1665
1551,1678
1551,1684
1551,1697
1551,1699
1551,1701
1551,1734
1551,1761
1551,1767
1551,1769
1551,1792
1551,1802
1551,1808
1551,1818
1551,1819
1551,1829
1551,1835
1551,1842
1551,1857
1551,1858
1551,1870
1551,1871
1551,1880
1551,1882
1551,1886
1551,1894
1551,1898
1551,1900
1551,1908
1551,1914
1551,1923
1551,1924
1552,1562
1552,1564
1552,1582
1552,1593
1552,1600
1552,1613
1552,1623
1552,1626
1552,1630
1552,1650
1552,1658
1552,1668
1552,1676
1552,1677
1552,1695
1552,1731
1552,1740
1552,1749
1552,1759
1552,1761
1552,1768
1552,1773
1552,1819
1552,1842
1552,1872
1553,1583
1553,1599
1553,1600
1553,1642
1553,1655
1553,1664
1553,1681
1553,1683
1553,1688
1553,1706
1553,1756
1553,1825
1553,1890
1553,1919
1553,1924
1554,1557
1554,1562
1554,1564
1554,1568
1554,1573
1554,1574
1554,1575
1554,1579
1554,1580
1554,1581
1554,1587
1554,1590
1554,1591
1554,1592
1554,1602
1554,1604
1554,1612
1554,1613
1554,1617
1554,1623
1554,1625
1554,1626
1554,1629
1554,1631
1554,1633
1554,1635
1554,1645
1554,1651
1554,1655
1554,1661
1554,1664
1554,1665
1554,1678
1554,1679
1554,1684
1554,1688
1554,1689
1554,1692
1554,1700
1554,1707
1554,1716
1554,1718
1554,1727
1554,1734
1554,1740
1554,1752
1554,1756
1554,1764
1554,1766
1554,1772
1554,1789
1554,1798
1554,1808
1554,1811
1554,1816
1554,1819
1554,1821
1554,1834
1554,1835
1554,1839
1554,1845
1554,1847
1554,1848
1554,1853
1554,1857
1554,1862
1554,1871
1554,1872
1554,1880
1554,1886
1554,1887
1554,1889
1554,1915
1554,1920
1554,1923
1555,1558
1555,1572
1555,1579
1555,1592
1555,1625
1555,1659
1555,1664
1555,1673
1555,1691
1555,1716
1555,1734
1555,1857
1555,1858
1555,1872
1555,1880
1555,1882
1555,1889
1555,1918
1556,1568
1556,1569
1556,1570
1556,1579
1556,1580
1556,1582
1556,1587
1556,1590
1556,1601
1556,1616
1556,1617
1556,1623
1556,1643
1556,1652
1556,1664
1556,1681
1556,1688
1556,1692
1556,1698
1556,1700
1556,1701
1556,1703
1556,1706
1556,1707
1556,1716
1556,1718
1556,1727
1556,1731
1556,1732
1556,1734
1556,1735
1556,1749
1556,1761
1556,1771
1556,1791
1556,1816
1556,1819
1556,1825
1556,1829
1556,1834
1556,1836
1556,1847
1556,1848
1556,1850
1556,1865
1556,1868
1556,1876
1556,1881
1556,1886
1556,1889
1556,1894
1556,1908
1556,1915
1556,1920
1556,1921
1557,1558
1557,1579
1557,1599
1557,1606
1557,1613
1557,1658
1557,1684
1557,1703
1557,1749
1557,1767
1557,1808
1557,1900
1557,1903
1557,1907
1558,1596
1558,1606
1558,1608
1558,1619
1558,1678
1558,1698
1558,1716
1558,1771
1558,1811
1558,1840
1558,1858
1558,1872
1558,1919
1559,1563
1559,1569
1559,1574
1559,1580
1559,1581
1559,1596
1559,1599
1559,1602
1559,1604
1559,1616
1559,1617
1559,1628
1559,1642
1559,1655
1559,1665
1559,1700
1559,1734
1559,1743
1559,1761
1559,1765
1559,1770
1559,1791
1559,1825
1559,1831
1559,1840
1559,1858
1559,1871
1559,1882
1559,1887
1559,1920
1560,1580
1560,1582
1560,1603
1560,1604
1560,1619
1560,1664
1560,1667
1560,1680
1560,1688
1560,1699
1560,1701
1560,1713
1560,1716
1560,1754
1560,1769
1560,1772
1560,1789
1560,1790
1560,1808
1560,1831
1560,1835
1560,1841
1560,1880
1560,1924
1562,1564
1562,1566
1562,1568
1562,1569
1562,1574
1562,1579
1562,1580
1562,1582
1562,1585
1562,1591
1562,1593
1562,1599
1562,1603
1562,1612
1562,1613
1562,1617
1562,1619
1562,1622
1562,1628
1562,1630
1562,1634
1562,1635
1562,1641
1562,1652
1562,1660
1562,1673
1562,1676
1562,1678
1562,1684
1562,1685
1562,1689
1562,1692
1562,1694
1562,1695
1562,1696
1562,1698
1562,1701
1562,1707
1562,1731
1562,1734
1562,1740
1562,1742
1562,1752
1562,1755
1562,1759
1562,1764
1562,1766
1562,1767
1562,1768
1562,1787
1562,1792
1562,1794
1562,1798
1562,1816
1562,1825
1562,1839
1562,1847
1562,1848
1562,1857
1562,1873
1562,1875
1562,1877
1562,1879
1562,1880
1562,1882
1562,1886
1562,1887
1562,1892
1562,1900
1562,1903
1562,1908
1562,1920
1563,1568
1563,1569
1563,1574
1563,1578
1563,1579
1563,1580
1563,1581
1563,1587
1563,1590
1563,1592
1563,1593
1563,1596
1563,1598
1563,1600
1563,1605
1563,1613
1563,1617
1563,1618
1563,1622
1563,1629
1563,1633
1563,1635
1563,1643
1563,1648
1563,1657
1563,1664
1563,1666
1563,1667
1563,1673
1563,1675
1563,1678
1563,1679
1563,1684
1563,1688
1563,1694
1563,1696
1563,1698
1563,1699
1563,1703
1563,1707
1563,1711
1563,1715
1563,1717
1563,1727
1563,1728
1563,1740
1563,1769
1563,1770
1563,1771
1563,1772
1563,1786
1563,1792
1563,1798
1563,1803
1563,1811
1563,1813
1563,1825
1563,1829
1563,1835
1563,1836
1563,1839
1563,1842
1563,1857
1563,1866
1563,1871
1563,1885
1563,1893
1563,1894
1563,1904
1563,1908
1563,1911
1563,1920
1563,1922
1564,1619
1564,1681
1564,1710
1564,1716
1564,1761
1564,1768
1564,1825
1564,1847
1564,1898
1564,1908
1564,1923
1565,1628
1565,1655
1565,1684
1565,1688
1565,1699
1565,1802
1566,1579
1566,1582
1566,1599
1566,1601
1566,1603
1566,1617
1566,1634
1566,1642
1566,1665
1566,1701
1566,1715
1566,1717
1566,1718
1566,1731
1566,1761
1566,1783
1566,1796
1566,1828
1566,1848
1566,1857
1566,1893
1566,1901
1566,1906
1566,1916
1566,1921
1566,1922
1568,1570
1568,1572
1568,1574
1568,1578
1568,1581
1568,1582
1568,1587
1568,1590
1568,1591
1568,1596
1568,1598
1568,1599
1568,1617
1568,1623
1568,1625
1568,1629
1568,1634
1568,1635
1568,1643
1568,1655
1568,1659
1568,1664
1568,1671
1568,1674
1568,1678
1568,1684
1568,1688
1568,1694
1568,1699
1568,1701
1568,1703
1568,1704
1568,1711
1568,1717
1568,1718
1568,1731
1568,1749
1568,1761
1568,1767
1568,1768
1568,1771
1568,1772
1568,1786
1568,1789
1568,1798
1568,1802
1568,1805
1568,1807
1568,1808
1568,1821
1568,1825
1568,1831
1568,1840
1568,1842
1568,1863
1568,1872
1568,1876
1568,1880
1568,1882
1568,1889
1568,1890
1568,1898
1568,1911
1568,1920
1568,1921
1568,1923
1569,1591
1569,1592
1569,1596
1569,1598
1569,1599
1569,1602
1569,1603
1569,1622
1569,1623
1569,1626
1569,1665
1569,1678
1569,1679
1569,1688
1569,1695
1569,1696
1569,1703
1569,1742
1569,1887
1569,1908
1570,1573
1570,1574
1570,1582
1570,1587
1570,1598
1570,1616
1570,1617
1570,1630
1570,1655
1570,1666
1570,1698
1570,1707
1570,1708
1570,1717
1570,1731
1570,1734
1570,1752
1570,1760
1570,1761
1570,1847
1570,1886
1570,1907
1570,1920
1572,1580
1572,1585
1572,1592
1572,1603
1572,1604
1572,1614
1572,1622
1572,1626
1572,1628
1572,1643
1572,1647
1572,1668
1572,1681
1572,1700
1572,1706
1572,1711
1572,1731
1572,1742
1572,1771
1572,1773
1572,1825
1572,1871
1572,1882
1572,1887
1572,1914
1573,1595
1573,1598
1573,1600
1573,1608
1573,1616
1573,1635
1573,1641
1573,1654
1573,1673
1573,1684
1573,1698
1573,1700
1573,1707
1573,1710
1573,1725
1573,1734
1573,1740
1573,1754
1573,1765
1573,1771
1573,1786
1573,1789
1573,1796
1573,1805
1573,1808
1573,1819
1573,1825
1573,1828
1573,1829
1573,1831
1573,1839
1573,1855
1573,1871
1573,1877
1573,1885
1573,1886
1573,1907
1573,1919
1573,1921
1573,1922
1573,1924
1574,1579
1574,1581
1574,1590
1574,1592
1574,1596
1574,1599
1574,1603
1574,1604
1574,1617
1574,1626
1574,1627
1574,1635
1574,1643
1574,1655
1574,1656
1574,1684
1574,1703
1574,1711
1574,1713
1574,1731
1574,1734
1574,1740
1574,1759
1574,1762
1574,1767
1574,1770
1574,1778
1574,1783
1574,1791
1574,1819
1574,1825
1574,1839
1574,1840
1574,1857
1574,1874
1574,1876
1574,1887
1574,1890
1574,1903
1574,1911
1574,1913
1575,1591
1575,1628
1575,1643
1575,1648
1575,1667
1575,1679
1575,1688
1575,1696
1575,1704
1575,1716
1575,1727
1575,1752
1575,1761
1575,1764
1575,1766
1575,1770
1575,1786
1575,1792
1575,1847
1575,1885
1575,1906
1575,1908
1576,1585
1576,1599
1576,1603
1576,1626
1576,1680
1576,1688
1576,1689
1576,1752
1576,1755
1576,1766
1576,1808
1576,1835
1576,1872
1576,1874
1577,1599
1577,1616
1577,1617
1577,1655
1577,1703
1577,1791
1577,1850
1577,1868
1577,1875
1577,1882
1577,1886
1577,1913
1578,1592
1578,1604
1578,1616
1578,1617
1578,1649
1578,1667
1578,1681
1578,1688
1578,1715
1578,1716
1578,1718
1578,1725
1578,1779
1578,1791
1578,1857
1578,1877
1578,1893
1578,1900
1578,1920
1579,1582
1579,1590
1579,1591
1579,1592
1579,1596
1579,1599
1579,1600
1579,1602
1579,1613
1579,1617
1579,1623
1579,1630
1579,1631
1579,1633
1579,1635
1579,1642
1579,1655
1579,1659
1579,1676
1579,1678
1579,1688
1579,1692
1579,1694
1579,1698
1579,1700
1579,1701
1579,1706
1579,1708
1579,1717
1579,1727
1579,1731
1579,1735
1579,1740
1579,1759
1579,1761
1579,1764
1579,1771
1579,1772
1579,1773
1579,1787
1579,1792
1579,1804
1579,1819
1579,1825
1579,1828
1579,1829
1579,1847
1579,1857
1579,1875
1579,1877
1579,1879
1579,1883
1579,1886
1579,1887
1579,1889
1579,1897
1579,1898
1579,1908
1579,1919
1579,1920
1579,1921
1579,1922
1580,1593
1580,1598
1580,1603
1580,1613
1580,1628
1580,1643
1580,1655
1580,1661
1580,1664
1580,1668
1580,1676
1580,1680
1580,1683
1580,1684
1580,1688
1580,1740
1580,1747
1580,1752
1580,1761
1580,1772
1580,1779
1580,1808
1580,1816
1580,1825
1580,1831
1580,1839
1580,1871
1580,1884
1580,1887
1580,1906
1580,1913
1580,1924
1581,1591
1581,1602
1581,1613
1581,1628
1581,1635
1581,1641
1581,1644
1581,1652
1581,1661
1581,1667
1581,1670
1581,1681
1581,1701
1581,1711
1581,1712
1581,1731
1581,1742
1581,1752
1581,1761
1581,1762
1581,1770
1581,1772
1581,1789
1581,1831
1581,1842
1581,1847
1581,1876
1581,1877
1581,1883
1581,1887
1581,1904
1581,1908
1582,1592
1582,1593
1582,1598
1582,1599
1582,1600
1582,1602
1582,1603
1582,1619
1582,1622
1582,1623
1582,1628
1582,1630
1582,1638
1582,1643
1582,1651
1582,1655
1582,1656
1582,1658
1582,1667
1582,1672
1582,1676
1582,1688
1582,1692
1582,1698
1582,1706
1582,1707
1582,1713
1582,1728
1582,1732
1582,1735
1582,1740
1582,1742
1582,1749
1582,1761
1582,1773
1582,1790
1582,1802
1582,1808
1582,1825
1582,1831
1582,1847
1582,1857
1582,1863
1582,1872
1582,1876
1582,1885
1582,1887
1582,1905
1582,1907
1582,1921
1583,1599
1583,1600
1583,1655
1583,1689
1583,1713
1583,1759
1583,1767
1583,1786
1583,1792
1583,1808
1583,1825
1583,1831
1583,1880
1583,1882
1583,1884
1583,1885
1583,1890
1583,1897
1583,1911
1583,1913
1583,1919
1585,1599
1585,1613
1585,1617
1585,1680
1585,1689
1585,1701
1585,1703
1585,1712
1585,1734
1585,1749
1585,1752
1585,1766
1585,1767
1585,1772
1585,1831
1585,1835
1585,1847
1585,1879
1585,1884
1586,1639
1586,1758
1586,1765
1586,1771
1586,1847
1586,1851
1586,1853
1587,1590
1587,1598
1587,1604
1587,1608
1587,1617
1587,1630
1587,1634
1587,1647
1587,1664
1587,1671
1587,1680
1587,1688
1587,1699
1587,1701
1587,1716
1587,1718
1587,1731
1587,1772
1587,1775
1587,1787
1587,1792
1587,1808
1587,1817
1587,1831
1587,1872
1587,1883
1587,1885
1587,1887
1587,1889
1587,1899
1587,1919
1587,1921
1590,1593
1590,1596
1590,1601
1590,1602
1590,1608
1590,1609
1590,1626
1590,1629
1590,1634
1590,1635
1590,1641
1590,1643
1590,1649
1590,1657
1590,1664
1590,1667
1590,1670
1590,1673
1590,1678
1590,1684
1590,1688
1590,1694
1590,1698
1590,1707
1590,1711
1590,1717
1590,1727
1590,1728
1590,1740
1590,1752
1590,1761
1590,1764
1590,1767
1590,1769
1590,1771
1590,1786
1590,1792
1590,1811
1590,1816
1590,1819
1590,1825
1590,1830
1590,1831
1590,1839
1590,1840
1590,1847
1590,1853
1590,1866
1590,1871
1590,1872
1590,1876
1590,1885
1590,1894
1590,1905
1590,1911
1590,1914
1590,1920
1590,1923
1591,1592
1591,1593
1591,1603
1591,1604
1591,1613
1591,1617
1591,1624
1591,1626
1591,1629
1591,1635
1591,1641
1591,1647
1591,1648
1591,1665
1591,1679
1591,1684
1591,1688
1591,1689
1591,1692
1591,1699
1591,1718
1591,1731
1591,1734
1591,1740
1591,1752
1591,1765
1591,1786
1591,1796
1591,1802
1591,1807
1591,1818
1591,1821
1591,1831
1591,1834
1591,1835
1591,1845
1591,1847
1591,1857
1591,1858
1591,1863
1591,1865
1591,1872
1591,1875
1591,1884
1591,1889
1591,1890
1591,1897
1591,1905
1591,1911
1591,1912
1591,1916
1591,1918
1591,1923
1592,1593
1592,1600
1592,1604
1592,1606
1592,1609
1592,1613
1592,1617
1592,1618
1592,1626
1592,1630
1592,1635
1592,1641
1592,1643
1592,1649
1592,1652
1592,1667
1592,1678
1592,1684
1592,1688
1592,1694
1592,1698
1592,1699
1592,1702
1592,1707
1592,1711
1592,1715
1592,1716
1592,1717
1592,1718
1592,1731
1592,1734
1592,1742
1592,1747
1592,1752
1592,1755
1592,1772
1592,1786
1592,1789
1592,1798
1592,1831
1592,1840
1592,1847
1592,1855
1592,1858
1592,1877
1592,1880
1592,1883
1592,1885
1592,1887
1592,1894
1592,1908
1592,1911
1592,1916
1592,1918
1592,1920
1593,1598
1593,1599
1593,1603
1593,1617
1593,1622
1593,1624
1593,1628
1593,1644
1593,1659
1593,1676
1593,1678
1593,1684
1593,1694
1593,1701
1593,1703
1593,1727
1593,1731
1593,1734
1593,1754
1593,1765
1593,1766
1593,1767
1593,1768
1593,1774
1593,1783
1593,1786
1593,1787
1593,1790
1593,1794
1593,1811
1593,1825
1593,1840
1593,1845
1593,1847
1593,1848
1593,1851
1593,1868
1593,1874
1593,1875
1593,1876
1593,1880
1593,1882
1593,1890
1593,1907
1593,1924
1594,1696
1595,1599
1595,1654
1595,1655
1595,1678
1595,1684
1595,1685
1595,1703
1595,1740
1595,1767
1595,1790
1595,1808
1595,1816
1595,1845
1595,1853
1595,1863
1595,1883
1595,1886
1596,1598
1596,1609
1596,1613
1596,1616
1596,1617
1596,1622
1596,1623
1596,1629
1596,1630
1596,1641
1596,1652
1596,1678
1596,1700
1596,1716
1596,1717
1596,1762
1596,1771
1596,1772
1596,1773
1596,1779
1596,1792
1596,1831
1596,1841
1596,1855
1596,1858
1596,1879
1596,1885
1596,1906
1596,1914
1596,1920
1597,1613
1597,1622
1597,1676
1597,1678
1597,1679
1597,1700
1597,1701
1597,1749
1597,1767
1597,1857
1598,1600
1598,1603
1598,1614
1598,1617
1598,1622
1598,1626
1598,1628
1598,1635
1598,1643
1598,1648
1598,1654
1598,1655
1598,1659
1598,1660
1598,1663
1598,1664
1598,1667
1598,1668
1598,1670
1598,1671
1598,1672
1598,1674
1598,1676
1598,1684
1598,1688
1598,1692
1598,1696
1598,1699
1598,1700
1598,1701
1598,1702
1598,1703
1598,1704
1598,1711
1598,1713
1598,1715
1598,1717
1598,1718
1598,1724
1598,1740
1598,1742
1598,1754
1598,1767
1598,1770
1598,1772
1598,1783
1598,1806
1598,1811
1598,1813
1598,1818
1598,1819
1598,1825
1598,1831
1598,1835
1598,1840
1598,1842
1598,1845
1598,1847
1598,1871
1598,1875
1598,1876
1598,1885
1598,1890
1598,1897
1598,1918
1598,1920
1598,1924
1599,1600
1599,1604
1599,1612
1599,1617
1599,1622
1599,1623
1599,1628
1599,1629
1599,1631
1599,1638
1599,1640
1599,1641
1599,1642
1599,1644
1599,1645
1599,1648
1599,1649
1599,1651
1599,1652
1599,1655
1599,1657
1599,1658
1599,1659
1599,1663
1599,1664
1599,1665
1599,1667
1599,1671
1599,1674
1599,1675
1599,1678
1599,1680
1599,1681
1599,1683
1599,1688
1599,1689
1599,1694
1599,1696
1599,1698
1599,1700
1599,1701
1599,1707
1599,1710
1599,1712
1599,1713
1599,1716
1599,1718
1599,1721
1599,1732
1599,1734
1599,1740
1599,1747
1599,1752
1599,1754
1599,1756
1599,1757
1599,1759
1599,1761
1599,1764
1599,1766
1599,1767
1599,1769
1599,1770
1599,1772
1599,1773
1599,1774
1599,1775
1599,1777
1599,1779
1599,1780
1599,1786
1599,1787
1599,1791
1599,1794
1599,1796
1599,1802
1599,1808
1599,1813
1599,1816
1599,1818
1599,1819
1599,1821
1599,1825
1599,1829
1599,1831
1599,1834
1599,1839
1599,1840
1599,1841
1599,1842
1599,1845
1599,1851
1599,1855
1599,1857
1599,1861
1599,1865
1599,1880
1599,1882
1599,1884
1599,1887
1599,1889
1599,1890
1599,1893
1599,1897
1599,1898
1599,1901
1599,1907
1599,1911
1599,1913
1599,1917
1599,1918
1599,1923
1599,1924
1600,1603
1600,1625
1600,1626
1600,1628
1600,1645
1600,1650
1600,1655
1600,1659
1600,1664
1600,1667
1600,1668
1600,1674
1600,1681
1600,1683
1600,1684
1600,1689
1600,1695
1600,1724
1600,1756
1600,1758
1600,1759
1600,1789
1600,1798
1600,1806
1600,1808
1600,1811
1600,1819
1600,1821
1600,1825
1600,1831
1600,1848
1600,1853
1600,1866
1600,1871
1600,1879
1600,1884
1600,1888
1600,1890
1600,1897
1600,1902
1600,1911
1600,1915
1600,1919
1600,1920
1600,1924
1601,1604
1601,1609
1601,1622
1601,1629
1601,1630
1601,1652
1601,1689
1601,1692
1601,1694
1601,1698
1601,1728
1601,1731
1601,1761
1601,1765
1601,1774
1601,1789
1601,1825
1601,1829
1601,1831
1601,1847
1601,1886
1601,1894
1601,1911
1601,1920
1602,1603
1602,1613
1602,1617
1602,1619
1602,1631
1602,1640
1602,1641
1602,1648
1602,1652
1602,1663
1602,1676
1602,1679
1602,1688
1602,1698
1602,1700
1602,1702
1602,1725
1602,1727
1602,1731
1602,1740
1602,1749
1602,1754
1602,1757
1602,1779
1602,1789
1602,1798
1602,1807
1602,1811
1602,1819
1602,1825
1602,1828
1602,1841
1602,1845
1602,1851
1602,1853
1602,1874
1602,1884
1602,1887
1602,1889
1602,1890
1602,1892
1602,1898
1602,1899
1602,1911
1603,1613
1603,1617
1603,1622
1603,1628
1603,1629
1603,1630
1603,1635
1603,1643
1603,1649
1603,1665
1603,1667
1603,1669
1603,1680
1603,1681
1603,1684
1603,1688
1603,1689
1603,1695
1603,1700
1603,1701
1603,1703
1603,1716
1603,1731
1603,1739
1603,1740
1603,1742
1603,1752
1603,1756
1603,1761
1603,1766
1603,1767
1603,1779
1603,1783
1603,1787
1603,1791
1603,1794
1603,1798
1603,1811
1603,1825
1603,1831
1603,1834
1603,1847
1603,1851
1603,1858
1603,1872
1603,1874
1603,1876
1603,1880
1603,1883
1603,1899
1603,1908
1603,1913
1603,1920
1604,1616
1604,1617
1604,1635
1604,1641
1604,1649
1604,1655
1604,1658
1604,1663
1604,1664
1604,1700
1604,1713
1604,1717
1604,1721
1604,1725
1604,1740
1604,1749
1604,1765
1604,1767
1604,1770
1604,1778
1604,1786
1604,1791
1604,1792
1604,1808
1604,1816
1604,1821
1604,1839
1604,1840
1604,1855
1604,1857
1604,1858
1604,1861
1604,1865
1604,1871
1604,1882
1604,1883
1604,1885
1604,1901
1604,1906
1604,1914
1604,1920
1604,1924
1605,1636
1605,1659
1605,1683
1605,1692
1605,1716
1605,1772
1605,1835
1605,1870
1605,1920
1606,1622
1606,1716
1606,1789
1606,1825
1606,1835
1606,1882
1606,1884
1606,1924
1608,1613
1608,1635
1608,1651
1608,1659
1608,1667
1608,1688
1608,1694
1608,1698
1608,1700
1608,1701
1608,1703
1608,1717
1608,1789
1608,1807
1608,1821
1608,1825
1608,1831
1608,1845
1608,1866
1608,1883
1608,1894
1608,1899
1608,1919
1608,1920
1609,1619
1609,1625
1609,1628
1609,1635
1609,1643
1609,1669
1609,1674
1609,1678
1609,1688
1609,1703
1609,1706
1609,1756
1609,1767
1609,1819
1609,1825
1609,1842
1609,1857
1609,1871
1609,1877
1609,1879
1609,1883
1609,1890
1609,1908
1609,1911
1609,1915
1609,1920
1609,1921
1609,1924
1612,1613
1612,1678
1612,1680
1612,1692
1612,1694
1612,1708
1612,1717
1612,1732
1612,1767
1612,1775
1612,1792
1612,1802
1612,1835
1612,1841
1612,1847
1612,1848
1612,1865
1612,1901
1613,1622
1613,1623
1613,1625
1613,1626
1613,1630
1613,1631
1613,1633
1613,1635
1613,1641
1613,1643
1613,1644
1613,1649
1613,1665
1613,1673
1613,1676
1613,1685
1613,1687
1613,1688
1613,1692
1613,1695
1613,1698
1613,1699
1613,1700
1613,1702
1613,1707
1613,1711
1613,1749
1613,1752
1613,1754
1613,1755
1613,1756
1613,1765
1613,1767
1613,1773
1613,1790
1613,1792
1613,1821
1613,1825
1613,1835
1613,1840
1613,1841
1613,1845
1613,1847
1613,1871
1613,1876
1613,1882
1613,1887
1613,1888
1613,1889
1613,1894
1613,1898
1613,1901
1613,1907
1613,1914
1613,1920
1613,1921
1614,1678
1614,1685
1614,1698
1614,1713
1614,1816
1614,1871
1614,1897
1616,1617
1616,1635
1616,1655
1616,1658
1616,1699
1616,1706
1616,1718
1616,1725
1616,1740
1616,1758
1616,1767
1616,1770
1616,1798
1616,1805
1616,1821
1616,1825
1616,1831
1616,1855
1616,1871
1616,1873
1616,1876
1616,1887
1616,1889
1616,1899
1616,1906
1616,1919
1616,1920
1617,1623
1617,1627
1617,1628
1617,1634
1617,1641
1617,1642
1617,1652
1617,1657
1617,1664
1617,1665
1617,1666
1617,1667
1617,1671
1617,1676
1617,1677
1617,1679
1617,1684
1617,1688
1617,1694
1617,1698
1617,1701
1617,1703
1617,1707
1617,1717
1617,1725
1617,1731
1617,1734
1617,1740
1617,1752
1617,1754
1617,1764
1617,1766
1617,1767
1617,1769
1617,1770
1617,1772
1617,1779
1617,1786
1617,1789
1617,1798
1617,1806
1617,1813
1617,1816
1617,1821
1617,1829
1617,1835
1617,1840
1617,1841
1617,1842
1617,1845
1617,1850
1617,1857
1617,1862
1617,1876
1617,1886
1617,1887
1617,1892
1617,1894
1617,1898
1617,1901
1617,1908
1617,1911
1617,1913
1617,1916
1617,1919
1617,1920
1617,1921
1617,1923
1617,1924
1619,1622
1619,1631
1619,1641
1619,1673
1619,1675
1619,1678
1619,1681
1619,1700
1619,1701
1619,1703
1619,1716
1619,1756
1619,1767
1619,1773
1619,1829
1619,1857
1619,1866
1619,1871
1619,1872
1619,1873
1619,1893
1619,1908
1619,1911
1619,1920
1622,1625
1622,1626
1622,1629
1622,1660
1622,1676
1622,1685
1622,1695
1622,1703
1622,1715
1622,1717
1622,1727
1622,1731
1622,1742
1622,1752
1622,1761
1622,1769
1622,1770
1622,1771
1622,1816
1622,1831
1622,1835
1622,1839
1622,1842
1622,1845
1622,1871
1622,1875
1622,1879
1622,1904
1622,1911
1622,1917
1622,1924
1623,1631
1623,1650
1623,1680
1623,1688
1623,1706
1623,1707
1623,1715
1623,1716
1623,1742
1623,1749
1623,1771
1623,1789
1623,1803
1623,1808
1623,1835
1623,1840
1623,1841
1623,1857
1623,1865
1623,1871
1623,1875
1623,1880
1623,1885
1623,1886
1623,1889
1623,1894
1623,1901
1623,1908
1623,1924
1624,1699
1624,1807
1624,1834
1624,1835
1624,1897
1625,1629
1625,1635
1625,1655
1625,1659
1625,1673
1625,1678
1625,1683
1625,1688
1625,1703
1625,1710
1625,1713
1625,1728
1625,1731
1625,1755
1625,1821
1625,1825
1625,1834
1625,1863
1625,1866
1625,1875
1625,1882
1625,1887
1625,1898
1625,1920
1625,1923
1626,1630
1626,1649
1626,1651
1626,1664
1626,1665
1626,1673
1626,1680
1626,1684
1626,1688
1626,1695
1626,1707
1626,1715
1626,1716
1626,1718
1626,1731
1626,1740
1626,1742
1626,1761
1626,1770
1626,1772
1626,1774
1626,1811
1626,1825
1626,1835
1626,1840
1626,1847
1626,1857
1626,1858
1626,1871
1626,1873
1626,1874
1626,1890
1626,1904
1626,1908
1626,1913
1626,1920
1627,1641
1627,1716
1627,1757
1627,1851
1627,1857
1628,1650
1628,1655
1628,1660
1628,1668
1628,1676
1628,1679
1628,1684
1628,1688
1628,1692
1628,1701
1628,1711
1628,1712
1628,1724
1628,1740
1628,1754
1628,1756
1628,1761
1628,1762
1628,1767
1628,1768
1628,1772
1628,1783
1628,1787
1628,1791
1628,1808
1628,1821
1628,1825
1628,1835
1628,1840
1628,1853
1628,1855
1628,1857
1628,1862
1628,1871
1628,1875
1628,1877
1628,1880
1628,1882
1628,1883
1628,1886
1628,1900
1628,1908
1628,1914
1628,1924
1629,1642
1629,1689
1629,1701
1629,1716
1629,1732
1629,1798
1629,1894
1629,1911
1629,1919
1629,1920
1629,1923
1630,1643
1630,1648
1630,1658
1630,1676
1630,1679
1630,1704
1630,1706
1630,1707
1630,1708
1630,1731
1630,1740
1630,1742
1630,1760
1630,1761
1630,1789
1630,1791
1630,1821
1630,1831
1630,1834
1630,1842
1630,1857
1630,1866
1630,1872
1630,1874
1630,1908
1630,1921
1630,1922
1631,1640
1631,1648
1631,1652
1631,1678
1631,1688
1631,1731
1631,1743
1631,1749
1631,1761
1631,1771
1631,1825
1631,1892
1631,1898
1631,1899
1633,1683
1633,1684
1633,1772
1634,1679
1634,1716
1634,1728
1634,1734
1634,1802
1634,1808
1634,1831
1634,1851
1634,1866
1634,1880
1634,1920
1635,1641
1635,1647
1635,1655
1635,1664
1635,1666
1635,1667
1635,1671
1635,1676
1635,1684
1635,1688
1635,1698
1635,1701
1635,1703
1635,1707
1635,1715
1635,1717
1635,1718
1635,1731
1635,1734
1635,1735
1635,1740
1635,1747
1635,1749
1635,1754
1635,1767
1635,1769
1635,1771
1635,1772
1635,1775
1635,1807
1635,1808
1635,1819
1635,1821
1635,1825
1635,1834
1635,1840
1635,1857
1635,1870
1635,1875
1635,1880
1635,1886
1635,1887
1635,1889
1635,1898
1635,1899
1635,1902
1635,1918
1635,1920
1636,1680
1636,1683
1636,1759
1636,1772
1636,1870
1636,1920
1638,1641
1638,1698
1638,1707
1638,1713
1638,1717
1638,1740
1638,1765
1638,1792
1638,1807
1638,1825
1638,1885
1638,1894
1638,1897
1638,1906
1638,1911
1638,1919
1638,1921
1639,1681
1639,1710
1639,1847
1640,1684
1640,1718
1640,1756
1640,1802
1640,1853
1640,1884
1640,1887
1641,1642
1641,1655
1641,1657
1641,1664
1641,1666
1641,1673
1641,1676
1641,1692
1641,1695
1641,1698
1641,1701
1641,1702
1641,1707
1641,1710
1641,1713
1641,1715
1641,1734
1641,1747
1641,1755
1641,1764
1641,1765
1641,1770
1641,1771
1641,1773
1641,1790
1641,1792
1641,1811
1641,1835
1641,1839
1641,1841
1641,1847
1641,1850
1641,1855
1641,1857
1641,1858
1641,1871
1641,1877
1641,1885
1641,1888
1641,1892
1641,1894
1641,1900
1641,1901
1641,1907
1641,1908
1641,1911
1641,1914
1641,1919
1641,1920
1641,1921
1642,1643
1642,1681
1642,1694
1642,1701
1642,1704
1642,1731
1642,1739
1642,1752
1642,1756
1642,1757
1642,1761
1642,1766
1642,1790
1642,1819
1642,1834
1642,1835
1642,1839
1642,1853
1642,1854
1642,1857
1642,1863
1642,1866
1642,1874
1642,1886
1642,1887
1642,1898
1642,1907
1642,1911
1642,1913
1642,1921
1643,1644
1643,1645
1643,1664
1643,1679
1643,1701
1643,1703
1643,1704
1643,1708
1643,1715
1643,1717
1643,1728
1643,1731
1643,1739
1643,1761
1643,1765
1643,1791
1643,1792
1643,1819
1643,1821
1643,1825
1643,1829
1643,1842
1643,1847
1643,1853
1643,1858
1643,1876
1643,1879
1643,1884
1643,1908
1643,1920
1643,1921
1644,1648
1644,1661
1644,1664
1644,1674
1644,1677
1644,1684
1644,1696
1644,1700
1644,1717
1644,1718
1644,1740
1644,1772
1644,1813
1644,1831
1644,1834
1644,1855
1644,1858
1644,1874
1644,1894
1644,1899
1644,1921
1645,1734
1645,1756
1645,1772
1645,1825
1645,1876
1645,1877
1645,1889
1645,1890
1645,1908
1645,1914
1645,1923
1646,1655
1646,1708
1646,1760
1647,1651
1647,1666
1647,1675
1647,1700
1647,1708
1647,1713
1647,1752
1647,1761
1647,1762
1647,1792
1647,1806
1647,1816
1647,1831
1647,1841
1647,1868
1647,1882
1647,1885
1647,1889
1647,1901
1647,1911
1647,1913
1648,1651
1648,1672
1648,1679
1648,1681
1648,1683
1648,1685
1648,1688
1648,1696
1648,1706
1648,1731
1648,1735
1648,1749
1648,1757
1648,1766
1648,1792
1648,1798
1648,1819
1648,1834
1648,1847
1648,1885
1648,1890
1648,1893
1648,1897
1648,1920
1649,1655
1649,1664
1649,1665
1649,1676
1649,1681
1649,1689
1649,1699
1649,1731
1649,1735
1649,1752
1649,1772
1649,1775
1649,1791
1649,1808
1649,1847
1649,1857
1649,1880
1649,1887
1649,1889
1649,1898
1649,1904
1649,1908
1649,1911
1649,1917
1649,1918
1650,1655
1650,1668
1650,1743
1650,1762
1650,1825
1651,1675
1651,1694
1651,1703
1651,1718
1651,1742
1651,1749
1651,1754
1651,1766
1651,1817
1651,1825
1651,1847
1651,1883
1651,1889
1651,1894
1651,1897
1651,1905
1651,1906
1652,1655
1652,1673
1652,1676
1652,1688
1652,1707
1652,1711
1652,1725
1652,1735
1652,1747
1652,1761
1652,1770
1652,1790
1652,1811
1652,1819
1652,1830
1652,1831
1652,1847
1652,1857
1652,1865
1652,1880
1652,1907
1652,1923
1654,1657
1654,1769
1654,1808
1654,1839
1654,1841
1654,1876
1654,1919
1655,1656
1655,1658
1655,1660
1655,1663
1655,1668
1655,1670
1655,1676
1655,1678
1655,1681
1655,1682
1655,1683
1655,1684
1655,1688
1655,1692
1655,1694
1655,1695
1655,1696
1655,1697
1655,1699
1655,1703
1655,1706
1655,1707
1655,1708
1655,1711
1655,1715
1655,1716
1655,1717
1655,1721
1655,1724
1655,1727
1655,1731
1655,1734
1655,1740
1655,1743
1655,1747
1655,1754
1655,1755
1655,1757
1655,1759
1655,1760
1655,1761
1655,1762
1655,1764
1655,1767
1655,1768
1655,1770
1655,1772
1655,1774
1655,1777
1655,1784
1655,1785
1655,1786
1655,1787
1655,1789
1655,1791
1655,1792
1655,1796
1655,1798
1655,1806
1655,1807
1655,1811
1655,1813
1655,1816
1655,1818
1655,1819
1655,1825
1655,1829
1655,1831
1655,1835
1655,1842
1655,1845
1655,1847
1655,1851
1655,1853
1655,1861
1655,1862
1655,1863
1655,1865
1655,1868
1655,1870
1655,1872
1655,1873
1655,1875
1655,1881
1655,1882
1655,1883
1655,1884
1655,1885
1655,1886
1655,1890
1655,1892
1655,1893
1655,1898
1655,1899
1655,1905
1655,1907
1655,1911
1655,1915
1655,1919
1655,1924
1656,1671
1656,1682
1656,1684
1656,1712
1656,1717
1656,1761
1656,1825
1656,1835
1656,1840
1656,1911
1656,1919
1657,1667
1657,1681
1657,1684
1657,1688
1657,1706
1657,1767
1657,1769
1657,1790
1657,1819
1657,1840
1657,1857
1657,1887
1657,1890
1658,1680
1658,1703
1658,1731
1658,1761
1658,1786
1658,1835
1658,1861
1658,1900
1658,1903
1659,1661
1659,1672
1659,1673
1659,1684
1659,1688
1659,1689
1659,1696
1659,1700
1659,1707
1659,1717
1659,1727
1659,1757
1659,1779
1659,1786
1659,1813
1659,1825
1659,1842
1659,1845
1659,1853
1659,1887
1659,1894
1659,1903
1659,1920
1660,1684
1660,1688
1660,1689
1660,1692
1660,1698
1660,1707
1660,1716
1660,1731
1660,1759
1660,1767
1660,1811
1660,1816
1660,1839
1660,1847
1660,1901
1660,1924
1661,1684
1661,1712
1661,1739
1661,1747
1661,1819
1661,1840
1661,1853
1661,1857
1661,1900
1663,1688
1663,1731
1663,1774
1663,1786
1663,1798
1663,1818
1663,1841
1663,1851
1663,1858
1663,1882
1663,1887
1663,1889
1663,1901
1664,1669
1664,1681
1664,1684
1664,1692
1664,1698
1664,1701
1664,1706
1664,1707
1664,1713
1664,1718
1664,1728
1664,1731
1664,1734
1664,1735
1664,1754
1664,1761
1664,1764
1664,1771
1664,1773
1664,1791
1664,1806
1664,1808
1664,1821
1664,1831
1664,1835
1664,1845
1664,1853
1664,1875
1664,1876
1664,1877
1664,1879
1664,1884
1664,1887
1664,1889
1664,1890
1664,1892
1664,1897
1664,1898
1664,1913
1664,1923
1665,1676
1665,1677
1665,1678
1665,1688
1665,1701
1665,1713
1665,1740
1665,1742
1665,1775
1665,1785
1665,1808
1665,1825
1665,1831
1665,1853
1665,1857
1665,1858
1665,1894
1665,1914
1666,1678
1666,1688
1666,1701
1666,1703
1666,1734
1666,1740
1666,1752
1666,1767
1666,1772
1666,1857
1666,1866
1666,1885
1667,1677
1667,1692
1667,1706
1667,1711
1667,1713
1667,1718
1667,1735
1667,1752
1667,1754
1667,1757
1667,1761
1667,1767
1667,1771
1667,1772
1667,1786
1667,1787
1667,1803
1667,1806
1667,1816
1667,1840
1667,1841
1667,1847
1667,1850
1667,1851
1667,1857
1667,1865
1667,1866
1667,1870
1667,1877
1667,1889
1667,1893
1667,1898
1667,1907
1667,1908
1667,1913
1667,1920
1667,1921
1668,1743
1668,1762
1668,1825
1669,1675
1669,1680
1669,1754
1669,1818
1669,1835
1669,1840
1669,1848
1669,1906
1669,1914
1669,1920
1670,1684
1670,1688
1670,1697
1670,1711
1670,1754
1670,1825
1670,1835
1670,1877
1670,1908
1670,1912
1670,1917
1671,1677
1671,1678
1671,1680
1671,1682
1671,1684
1671,1699
1671,1701
1671,1703
1671,1725
1671,1727
1671,1740
1671,1754
1671,1767
1671,1808
1671,1819
1671,1821
1671,1825
1671,1839
1671,1857
1671,1862
1671,1882
1671,1903
1671,1911
1671,1920
1672,1676
1672,1684
1672,1696
1672,1706
1672,1717
1672,1718
1672,1847
1672,1877
1672,1889
1672,1892
1672,1897
1672,1920
1673,1676
1673,1680
1673,1688
1673,1695
1673,1698
1673,1707
1673,1718
1673,1725
1673,1731
1673,1732
1673,1747
1673,1761
1673,1765
1673,1768
1673,1794
1673,1825
1673,1865
1673,1866
1673,1875
1673,1880
1673,1887
1673,1889
1673,1899
1673,1914
1674,1684
1674,1688
1674,1698
1674,1702
1674,1707
1674,1735
1674,1767
1674,1819
1674,1825
1674,1840
1674,1890
1674,1897
1674,1901
1674,1920
1675,1749
1675,1754
1675,1767
1675,1798
1675,1840
1675,1855
1675,1857
1675,1865
1676,1678
1676,1688
1676,1694
1676,1698
1676,1700
1676,1706
1676,1708
1676,1711
1676,1718
1676,1731
1676,1740
1676,1747
1676,1752
1676,1756
1676,1761
1676,1767
1676,1770
1676,1775
1676,1779
1676,1790
1676,1811
1676,1821
1676,1831
1676,1840
1676,1841
1676,1842
1676,1845
1676,1847
1676,1853
1676,1873
1676,1887
1676,1902
1676,1921
1676,1922
1677,1678
1677,1683
1677,1684
1677,1688
1677,1701
1677,1713
1677,1735
1677,1749
1677,1767
1677,1850
1677,1857
1677,1894
1677,1899
1677,1903
1677,1918
1678,1679
1678,1680
1678,1683
1678,1684
1678,1685
1678,1689
1678,1698
1678,1700
1678,1701
1678,1703
1678,1704
1678,1706
1678,1707
1678,1708
1678,1710
1678,1711
1678,1713
1678,1716
1678,1717
1678,1718
1678,1727
1678,1728
1678,1731
1678,1742
1678,1752
1678,1761
1678,1764
1678,1765
1678,1766
1678,1768
1678,1772
1678,1786
1678,1798
1678,1803
1678,1813
1678,1816
1678,1823
1678,1829
1678,1831
1678,1835
1678,1839
1678,1841
1678,1842
1678,1845
1678,1847
1678,1848
1678,1868
1678,1870
1678,1872
1678,1874
1678,1881
1678,1882
1678,1883
1678,1886
1678,1887
1678,1888
1678,1889
1678,1900
1678,1901
1678,1905
1678,1906
1678,1908
1678,1914
1678,1919
1678,1921
1679,1696
1679,1699
1679,1716
1679,1718
1679,1731
1679,1742
1679,1764
1679,1770
1679,1792
1679,1816
1679,1819
1679,1821
1679,1823
1679,1825
1679,1835
1679,1847
1679,1858
1679,1862
1679,1871
1679,1872
1679,1884
1679,1885
1679,1886
1679,1906
1679,1908
1679,1921
1680,1684
1680,1689
1680,1695
1680,1698
1680,1712
1680,1728
1680,1732
1680,1740
1680,1752
1680,1761
1680,1765
1680,1766
1680,1767
1680,1772
1680,1816
1680,1835
1680,1840
1680,1841
1680,1848
1680,1850
1680,1851
1680,1880
1680,1882
1680,1897
1681,1683
1681,1707
1681,1731
1681,1758
1681,1770
1681,1771
1681,1813
1681,1821
1681,1825
1681,1831
1681,1876
1681,1884
1681,1890
1681,1919
1682,1684
1682,1688
1682,1696
1683,1691
1683,1692
1683,1703
1683,1704
1683,1718
1683,1731
1683,1734
1683,1752
1683,1766
1683,1789
1683,1808
1683,1813
1683,1825
1683,1836
1683,1858
1683,1865
1683,1880
1683,1884
1683,1890
1683,1897
1683,1908
1683,1911
1683,1919
1683,1920
1683,1924
1684,1687
1684,1688
1684,1692
1684,1694
1684,1698
1684,1701
1684,1702
1684,1703
1684,1707
1684,1711
1684,1716
1684,1717
1684,1724
1684,1725
1684,1728
1684,1740
1684,1759
1684,1761
1684,1764
1684,1767
1684,1769
1684,1770
1684,1783
1684,1791
1684,1798
1684,1811
1684,1825
1684,1829
1684,1839
1684,1840
1684,1841
1684,1855
1684,1857
1684,1874
1684,1876
1684,1877
1684,1880
1684,1882
1684,1883
1684,1886
1684,1888
1684,1892
1684,1898
1684,1900
1684,1901
1684,1908
1684,1911
1684,1913
1684,1914
1685,1696
1685,1740
1685,1749
1685,1771
1685,1816
1685,1880
1687,1699
1687,1702
1687,1734
1687,1819
1687,1840
1687,1841
1687,1901
1687,1907
1687,1920
1688,1692
1688,1694
1688,1695
1688,1696
1688,1698
1688,1700
1688,1701
1688,1706
1688,1707
1688,1708
1688,1711
1688,1715
1688,1717
1688,1727
1688,1728
1688,1731
1688,1734
1688,1740
1688,1749
1688,1754
1688,1756
1688,1757
1688,1761
1688,1766
1688,1769
1688,1771
1688,1772
1688,1773
1688,1779
1688,1789
1688,1792
1688,1798
1688,1802
1688,1803
1688,1806
1688,1813
1688,1816
1688,1819
1688,1829
1688,1831
1688,1835
1688,1841
1688,1845
1688,1847
1688,1854
1688,1865
1688,1868
1688,1871
1688,1877
1688,1879
1688,1880
1688,1884
1688,1885
1688,1886
1688,1887
1688,1888
1688,1889
1688,1890
1688,1892
1688,1894
1688,1897
1688,1898
1688,1899
1688,1900
1688,1901
1688,1902
1688,1904
1688,1908
1688,1911
1688,1913
1688,1920
1688,1921
1688,1922
1689,1692
1689,1713
1689,1752
1689,1762
1689,1766
1689,1771
1689,1802
1689,1803
1689,1805
1689,1806
1689,1813
1689,1817
1689,1825
1689,1834
1689,1835
1689,1847
1689,1858
1689,1863
1689,1874
1689,1880
1689,1884
1689,1890
1689,1912
1689,1918
1689,1924
1691,1718
1691,1765
1691,1778
1691,1811
1691,1901
1691,1906
1692,1716
1692,1721
1692,1731
1692,1740
1692,1752
1692,1754
1692,1759
1692,1761
1692,1767
1692,1772
1692,1785
1692,1798
1692,1802
1692,1816
1692,1825
1692,1829
1692,1830
1692,1831
1692,1835
1692,1839
1692,1841
1692,1847
1692,1848
1692,1858
1692,1863
1692,1866
1692,1885
1692,1886
1692,1887
1692,1897
1692,1901
1694,1696
1694,1699
1694,1704
1694,1707
1694,1716
1694,1717
1694,1724
1694,1752
1694,1754
1694,1761
1694,1786
1694,1791
1694,1829
1694,1835
1694,1857
1694,1862
1694,1877
1694,1880
1694,1886
1694,1888
1694,1898
1694,1900
1694,1908
1695,1717
1695,1725
1695,1731
1695,1759
1695,1761
1695,1772
1695,1773
1695,1825
1695,1831
1695,1875
1695,1877
1695,1908
1696,1700
1696,1706
1696,1731
1696,1735
1696,1757
1696,1791
1696,1798
1696,1811
1696,1819
1696,1834
1696,1851
1696,1875
1696,1894
1696,1897
1696,1920
1696,1923
1697,1711
1697,1906
1698,1699
1698,1703
1698,1704
1698,1707
1698,1708
1698,1713
1698,1717
1698,1718
1698,1725
1698,1731
1698,1735
1698,1740
1698,1747
1698,1754
1698,1757
1698,1761
1698,1764
1698,1765
1698,1769
1698,1790
1698,1792
1698,1794
1698,1803
1698,1805
1698,1808
1698,1821
1698,1825
1698,1834
1698,1845
1698,1847
1698,1850
1698,1855
1698,1857
1698,1866
1698,1871
1698,1883
1698,1886
1698,1889
1698,1894
1698,1905
1698,1908
1698,1911
1698,1923
1699,1703
1699,1707
1699,1727
1699,1752
1699,1757
1699,1764
1699,1771
1699,1772
1699,1789
1699,1794
1699,1803
1699,1826
1699,1829
1699,1845
1699,1871
1699,1880
1699,1884
1699,1886
1699,1888
1699,1902
1699,1904
1699,1920
1700,1707
1700,1718
1700,1727
1700,1734
1700,1740
1700,1757
1700,1758
1700,1765
1700,1770
1700,1772
1700,1783
1700,1790
1700,1825
1700,1829
1700,1831
1700,1839
1700,1848
1700,1858
1700,1871
1700,1876
1700,1882
1700,1885
1700,1886
1700,1889
1700,1901
1700,1920
1701,1703
1701,1704
1701,1706
1701,1713
1701,1717
1701,1728
1701,1731
1701,1732
1701,1740
1701,1742
1701,1752
1701,1754
1701,1756
1701,1761
1701,1766
1701,1770
1701,1771
1701,1825
1701,1831
1701,1835
1701,1839
1701,1842
1701,1845
1701,1848
1701,1853
1701,1857
1701,1868
1701,1877
1701,1882
1701,1883
1701,1885
1701,1886
1701,1889
1701,1894
1701,1897
1701,1898
1701,1899
1701,1900
1701,1906
1701,1907
1701,1912
1701,1916
1701,1920
1701,1921
1701,1923
1702,1718
1702,1792
1702,1811
1702,1819
1702,1835
1702,1839
1702,1841
1702,1842
1702,1874
1702,1885
1702,1901
1702,1920
1702,1921
1702,1923
1703,1707
1703,1708
1703,1711
1703,1717
1703,1740
1703,1749
1703,1764
1703,1766
1703,1772
1703,1774
1703,1796
1703,1808
1703,1835
1703,1840
1703,1841
1703,1845
1703,1857
1703,1858
1703,1863
1703,1866
1703,1875
1703,1876
1703,1883
1703,1889
1703,1890
1703,1892
1703,1900
1703,1901
1703,1903
1703,1904
1703,1908
1703,1916
1703,1920
1704,1706
1704,1717
1704,1731
1704,1754
1704,1761
1704,1772
1704,1791
1704,1792
1704,1813
1704,1819
1704,1825
1704,1839
1704,1866
1704,1876
1704,1884
1704,1886
1704,1893
1704,1920
1704,1921
1706,1708
1706,1749
1706,1757
1706,1761
1706,1766
1706,1770
1706,1775
1706,1790
1706,1805
1706,1831
1706,1835
1706,1855
1706,1857
1706,1863
1706,1880
1706,1892
1706,1901
1706,1905
1706,1907
1706,1921
1707,1717
1707,1718
1707,1742
1707,1752
1707,1754
1707,1761
1707,1764
1707,1765
1707,1767
1707,1769
1707,1770
1707,1771
1707,1772
1707,1773
1707,1789
1707,1794
1707,1803
1707,1808
1707,1821
1707,1829
1707,1836
1707,1839
1707,1840
1707,1845
1707,1847
1707,1850
1707,1857
1707,1865
1707,1871
1707,1876
1707,1886
1707,1889
1707,1907
1707,1908
1707,1911
1707,1919
1707,1921
1707,1923
1708,1717
1708,1731
1708,1760
1708,1761
1708,1774
1708,1786
1708,1787
1708,1789
1708,1790
1708,1806
1708,1808
1708,1835
1708,1847
1708,1848
1708,1857
1708,1882
1708,1883
1708,1887
1708,1904
1708,1911
1710,1734
1710,1768
1710,1847
1710,1889
1710,1898
1710,1906
1711,1717
1711,1731
1711,1740
1711,1761
1711,1792
1711,1802
1711,1819
1711,1825
1711,1834
1711,1841
1711,1845
1711,1847
1711,1857
1711,1866
1711,1877
1711,1883
1711,1887
1711,1890
1711,1898
1711,1905
1711,1908
1711,1920
1712,1739
1712,1752
1712,1755
1712,1766
1712,1767
1712,1857
1712,1866
1712,1882
1712,1894
1712,1911
1713,1734
1713,1758
1713,1762
1713,1802
1713,1807
1713,1821
1713,1825
1713,1848
1713,1855
1713,1857
1713,1871
1713,1887
1713,1907
1713,1924
1715,1717
1715,1718
1715,1724
1715,1740
1715,1755
1715,1768
1715,1786
1715,1794
1715,1802
1715,1811
1715,1865
1715,1875
1715,1882
1715,1905
1715,1919
1716,1727
1716,1734
1716,1740
1716,1743
1716,1770
1716,1771
1716,1772
1716,1774
1716,1784
1716,1791
1716,1808
1716,1845
1716,1847
1716,1848
1716,1851
1716,1858
1716,1870
1716,1871
1716,1876
1716,1900
1716,1904
1716,1911
1717,1718
1717,1727
1717,1728
1717,1731
1717,1742
1717,1752
1717,1754
1717,1755
1717,1767
1717,1772
1717,1775
1717,1792
1717,1796
1717,1803
1717,1806
1717,1808
1717,1811
1717,1816
1717,1819
1717,1829
1717,1830
1717,1835
1717,1842
1717,1847
1717,1855
1717,1857
1717,1876
1717,1877
1717,1886
1717,1893
1717,1901
1717,1902
1717,1906
1717,1907
1717,1908
1717,1921
1718,1728
1718,1735
1718,1749
1718,1754
1718,1757
1718,1768
1718,1770
1718,1774
1718,1813
1718,1816
1718,1818
1718,1819
1718,1836
1718,1841
1718,1847
1718,1850
1718,1851
1718,1855
1718,1865
1718,1875
1718,1880
1718,1889
1718,1893
1718,1902
1718,1908
1718,1918
1718,1921
1721,1768
1721,1773
1721,1774
1721,1786
1721,1796
1721,1816
1721,1823
1721,1825
1721,1881
1721,1882
1721,1906
1724,1734
1724,1784
1724,1835
1724,1840
1724,1857
1724,1901
1724,1903
1724,1920
1725,1731
1725,1735
1725,1747
1725,1752
1725,1765
1725,1770
1725,1773
1725,1783
1725,1789
1725,1811
1725,1831
1725,1834
1725,1857
1725,1866
1725,1871
1725,1906
1725,1921
1727,1743
1727,1752
1727,1761
1727,1775
1727,1779
1727,1790
1727,1807
1727,1819
1727,1825
1727,1845
1727,1882
1727,1890
1727,1894
1727,1920
1728,1752
1728,1754
1728,1768
1728,1772
1728,1774
1728,1794
1728,1835
1728,1847
1728,1857
1728,1890
1728,1897
1728,1902
1728,1911
1728,1920
1731,1747
1731,1752
1731,1755
1731,1761
1731,1765
1731,1768
1731,1770
1731,1773
1731,1789
1731,1790
1731,1805
1731,1811
1731,1816
1731,1821
1731,1828
1731,1829
1731,1831
1731,1834
1731,1835
1731,1839
1731,1847
1731,1854
1731,1857
1731,1863
1731,1874
1731,1877
1731,1882
1731,1886
1731,1887
1731,1888
1731,1894
1731,1901
1731,1907
1731,1908
1731,1911
1731,1912
1731,1916
1731,1917
1731,1918
1731,1920
1732,1754
1732,1755
1732,1761
1732,1855
1732,1889
1732,1919
1734,1749
1734,1752
1734,1756
1734,1767
1734,1779
1734,1786
1734,1789
1734,1792
1734,1798
1734,1802
1734,1806
1734,1816
1734,1819
1734,1829
1734,1834
1734,1835
1734,1839
1734,1840
1734,1848
1734,1855
1734,1857
1734,1866
1734,1868
1734,1870
1734,1871
1734,1874
1734,1886
1734,1887
1734,1894
1734,1898
1734,1913
1734,1920
1735,1747
1735,1752
1735,1761
1735,1762
1735,1766
1735,1811
1735,1816
1735,1831
1735,1836
1735,1847
1735,1855
1735,1889
1735,1898
1735,1911
1735,1921
1740,1761
1740,1772
1740,1798
1740,1825
1740,1831
1740,1839
1740,1847
1740,1853
1740,1857
1740,1858
1740,1863
1740,1876
1740,1905
1740,1911
1740,1914
1740,1918
1740,1919
1742,1770
1742,1787
1742,1802
1742,1807
1742,1866
1742,1871
1742,1886
1743,1762
1743,1808
1743,1845
1743,1857
1743,1905
1747,1773
1747,1811
1747,1831
1747,1841
1747,1845
1747,1857
1747,1871
1747,1914
1749,1752
1749,1757
1749,1761
1749,1765
1749,1766
1749,1789
1749,1807
1749,1819
1749,1821
1749,1825
1749,1836
1749,1847
1749,1853
1749,1873
1749,1883
1749,1889
1749,1892
1749,1897
1749,1905
1749,1906
1749,1913
1749,1920
1749,1921
1752,1754
1752,1757
1752,1766
1752,1767
1752,1771
1752,1774
1752,1784
1752,1789
1752,1798
1752,1821
1752,1831
1752,1835
1752,1840
1752,1845
1752,1847
1752,1858
1752,1879
1752,1882
1752,1884
1752,1902
1752,1908
1752,1913
1752,1914
1752,1916
1752,1919
1752,1920
1752,1923
1752,1924
1754,1766
1754,1767
1754,1770
1754,1787
1754,1789
1754,1798
1754,1818
1754,1821
1754,1825
1754,1831
1754,1840
1754,1847
1754,1851
1754,1889
1754,1900
1754,1906
1754,1913
1754,1914
1755,1774
1755,1786
1755,1794
1755,1802
1755,1811
1755,1813
1755,1850
1755,1865
1755,1868
1755,1873
1755,1882
1755,1890
1756,1770
1756,1804
1756,1825
1756,1890
1756,1904
1756,1920
1757,1761
1757,1765
1757,1766
1757,1825
1757,1847
1757,1848
1757,1857
1757,1875
1757,1883
1757,1907
1757,1913
1757,1921
1758,1765
1758,1847
1758,1851
1758,1853
1759,1761
1759,1825
1759,1857
1759,1858
1759,1877
1759,1890
1760,1761
1760,1774
1760,1786
1760,1787
1760,1847
1760,1882
1761,1764
1761,1766
1761,1769
1761,1770
1761,1771
1761,1772
1761,1775
1761,1789
1761,1790
1761,1791
1761,1792
1761,1798
1761,1802
1761,1803
1761,1811
1761,1819
1761,1825
1761,1831
1761,1840
1761,1841
1761,1845
1761,1847
1761,1850
1761,1853
1761,1863
1761,1865
1761,1866
1761,1871
1761,1872
1761,1879
1761,1883
1761,1887
1761,1913
1761,1920
1762,1783
1764,1765
1764,1771
1764,1798
1764,1835
1764,1840
1764,1845
1764,1847
1764,1850
1764,1857
1764,1871
1765,1778
1765,1779
1765,1792
1765,1834
1765,1841
1765,1874
1765,1876
1765,1877
1765,1882
1765,1889
1765,1894
1765,1897
1765,1901
1765,1908
1766,1767
1766,1835
1766,1845
1766,1858
1766,1871
1766,1874
1766,1879
1766,1882
1766,1884
1766,1890
1766,1892
1766,1894
1767,1769
1767,1770
1767,1775
1767,1779
1767,1787
1767,1789
1767,1791
1767,1798
1767,1806
1767,1811
1767,1839
1767,1840
1767,1841
1767,1855
1767,1857
1767,1882
1767,1886
1767,1892
1767,1898
1767,1900
1767,1901
1767,1911
1767,1913
1767,1924
1768,1772
1768,1786
1768,1811
1768,1816
1768,1818
1768,1828
1768,1847
1768,1881
1768,1899
1769,1819
1769,1825
1769,1826
1769,1840
1769,1845
1769,1857
1769,1871
1769,1887
1769,1890
1769,1898
1770,1771
1770,1773
1770,1787
1770,1789
1770,1791
1770,1792
1770,1808
1770,1811
1770,1819
1770,1840
1770,1842
1770,1855
1770,1875
1770,1885
1770,1916
1770,1920
1771,1787
1771,1789
1771,1790
1771,1792
1771,1813
1771,1851
1771,1853
1771,1872
1771,1885
1771,1908
1771,1914
1771,1920
1771,1921
1771,1923
1772,1787
1772,1802
1772,1806
1772,1808
1772,1816
1772,1835
1772,1840
1772,1851
1772,1865
1772,1871
1772,1874
1772,1876
1772,1877
1772,1880
1772,1881
1772,1882
1772,1906
1772,1908
1772,1919
1773,1791
1773,1816
1773,1828
1773,1831
1773,1835
1773,1845
1773,1914
1774,1779
1774,1786
1774,1787
1774,1791
1774,1851
1774,1874
1774,1888
1774,1889
1774,1901
1774,1903
1775,1808
1775,1816
1775,1835
1775,1845
1775,1855
1775,1866
1775,1882
1775,1898
1775,1901
1775,1908
1775,1916
1777,1923
1778,1839
1778,1903
1778,1920
1779,1791
1779,1802
1779,1811
1779,1819
1779,1825
1779,1834
1779,1835
1779,1874
1779,1903
1783,1787
1783,1791
1783,1840
1783,1890
1784,1845
1784,1911
1785,1811
1785,1816
1786,1789
1786,1791
1786,1818
1786,1819
1786,1825
1786,1873
1786,1881
1786,1882
1786,1887
1786,1915
1786,1923
1787,1847
1787,1851
1787,1866
1787,1880
1789,1803
1789,1806
1789,1808
1789,1819
1789,1825
1789,1826
1789,1834
1789,1842
1789,1845
1789,1853
1789,1857
1789,1858
1789,1879
1789,1889
1789,1902
1789,1908
1789,1911
1789,1915
1789,1917
1789,1920
1789,1924
1790,1796
1790,1805
1790,1806
1790,1828
1790,1863
1790,1876
1790,1888
1790,1912
1790,1916
1791,1825
1791,1840
1791,1874
1791,1882
1791,1903
1791,1908
1792,1798
1792,1805
1792,1841
1792,1865
1792,1866
1792,1872
1792,1885
1792,1886
1792,1887
1792,1908
1792,1922
1794,1802
1794,1811
1794,1825
1794,1855
1794,1880
1796,1816
1796,1823
1796,1831
1796,1839
1796,1857
1796,1881
1796,1899
1798,1818
1798,1825
1798,1831
1798,1835
1798,1840
1798,1845
1798,1850
1798,1857
1798,1858
1798,1862
1798,1868
1798,1875
1798,1877
1798,1885
1798,1889
1798,1897
1798,1901
1798,1906
1798,1908
1798,1913
1802,1816
1802,1841
1802,1855
1802,1857
1802,1862
1802,1865
1802,1880
1802,1889
1802,1901
1802,1916
1802,1923
1803,1831
1803,1880
1803,1902
1803,1918
1804,1825
1804,1835
1804,1884
1805,1825
1805,1828
1805,1831
1805,1841
1805,1863
1805,1870
1805,1888
1805,1904
1805,1912
1805,1916
1806,1808
1806,1811
1806,1825
1806,1840
1806,1841
1806,1848
1806,1890
1806,1901
1807,1834
1807,1841
1807,1876
1807,1889
1808,1816
1808,1829
1808,1847
1808,1848
1808,1855
1808,1877
1808,1886
1808,1897
1808,1904
1808,1908
1808,1915
1808,1924
1811,1819
1811,1825
1811,1831
1811,1848
1811,1853
1811,1857
1811,1871
1811,1875
1811,1876
1811,1890
1811,1901
1811,1913
1811,1923
1813,1857
1813,1872
1813,1880
1816,1823
1816,1825
1816,1835
1816,1836
1816,1845
1816,1855
1816,1866
1816,1872
1816,1873
1816,1881
1816,1882
1816,1883
1816,1887
1816,1893
1816,1918
1816,1923
1817,1819
1818,1858
1818,1872
1818,1886
1818,1889
1819,1825
1819,1845
1819,1851
1819,1866
1819,1876
1819,1897
1819,1911
1819,1913
1819,1920
1819,1921
1821,1825
1821,1830
1821,1841
1821,1858
1821,1875
1821,1879
1821,1890
1821,1898
1821,1901
1823,1881
1825,1826
1825,1830
1825,1831
1825,1835
1825,1848
1825,1853
1825,1857
1825,1862
1825,1872
1825,1874
1825,1875
1825,1876
1825,1877
1825,1880
1825,1881
1825,1884
1825,1886
1825,1887
1825,1888
1825,1890
1825,1897
1825,1898
1825,1899
1825,1903
1825,1905
1825,1908
1825,1911
1825,1913
1825,1915
1825,1919
1825,1921
1825,1924
1826,1853
1826,1871
1826,1911
1828,1863
1828,1888
1828,1912
1828,1916
1829,1835
1829,1847
1829,1854
1829,1857
1829,1865
1829,1871
1829,1873
1829,1880
1829,1886
1829,1898
1829,1908
1829,1918
1829,1919
1829,1921
1830,1841
1831,1841
1831,1847
1831,1850
1831,1857
1831,1858
1831,1868
1831,1871
1831,1875
1831,1887
1831,1905
1831,1907
1831,1917
1834,1863
1834,1880
1834,1903
1835,1840
1835,1847
1835,1854
1835,1857
1835,1858
1835,1871
1835,1874
1835,1875
1835,1876
1835,1877
1835,1886
1835,1887
1835,1894
1835,1897
1835,1901
1835,1908
1835,1911
1835,1915
1835,1919
1835,1924
1836,1847
1836,1863
1836,1882
1836,1889
1836,1897
1836,1921
1839,1841
1839,1845
1839,1848
1839,1870
1839,1871
1839,1901
1839,1911
1839,1915
1840,1841
1840,1854
1840,1857
1840,1886
1840,1892
1840,1898
1840,1901
1840,1908
1840,1911
1840,1913
1840,1914
1840,1919
1840,1920
1841,1845
1841,1848
1841,1855
1841,1857
1841,1875
1841,1883
1841,1885
1841,1889
1841,1901
1841,1919
1841,1921
1842,1853
1842,1857
1842,1858
1842,1876
1842,1887
1842,1888
1842,1901
1842,1920
1845,1857
1845,1858
1845,1889
1845,1894
1845,1901
1845,1906
1845,1916
1847,1858
1847,1871
1847,1875
1847,1879
1847,1886
1847,1894
1847,1897
1847,1904
1847,1906
1847,1911
1847,1920
1847,1921
1848,1865
1848,1871
1848,1887
1848,1890
1848,1901
1848,1905
1848,1906
1848,1914
1848,1924
1850,1857
1850,1868
1850,1908
1851,1870
1851,1874
1853,1866
1853,1879
1853,1884
1853,1894
1853,1915
1853,1919
1854,1875
1854,1886
1854,1887
1854,1906
1855,1871
1855,1923
1857,1858
1857,1868
1857,1870
1857,1873
1857,1874
1857,1876
1857,1886
1857,1887
1857,1892
1857,1901
1857,1907
1857,1911
1857,1913
1857,1919
1857,1920
1857,1921
1857,1923
1858,1872
1858,1875
1858,1884
1858,1889
1858,1890
1858,1897
1858,1901
1858,1906
1858,1918
1858,1923
1862,1887
1862,1912
1862,1916
1863,1888
1863,1904
1863,1912
1863,1916
1865,1876
1865,1880
1865,1882
1865,1886
1865,1889
1865,1900
1865,1914
1866,1871
1866,1877
1866,1885
1866,1890
1866,1893
1866,1894
1866,1901
1866,1908
1868,1873
1868,1882
1868,1884
1868,1904
1868,1908
1868,1921
1870,1906
1870,1920
1871,1889
1871,1890
1871,1894
1871,1908
1871,1912
1871,1913
1871,1920
1871,1921
1872,1875
1872,1879
1872,1882
1872,1885
1872,1916
1873,1886
1873,1887
1873,1920
1873,1921
1873,1924
1874,1903
1874,1906
1875,1879
1875,1887
1875,1889
1875,1908
1876,1880
1876,1882
1876,1887
1876,1890
1876,1898
1876,1907
1876,1913
1876,1918
1876,1920
1876,1923
1877,1883
1877,1886
1877,1890
1877,1897
1877,1908
1877,1913
1877,1920
1877,1923
1879,1884
1879,1890
1879,1898
1879,1917
1880,1883
1880,1885
1880,1886
1880,1889
1880,1905
1880,1914
1880,1918
1880,1921
1881,1882
1881,1918
1882,1898
1882,1900
1882,1920
1883,1908
1883,1913
1884,1887
1884,1890
1884,1893
1884,1899
1884,1905
1884,1919
1884,1920
1885,1887
1885,1897
1885,1904
1885,1908
1886,1889
1886,1898
1886,1908
1886,1919
1886,1921
1887,1899
1887,1924
1888,1912
1888,1916
1888,1920
1889,1893
1889,1898
1889,1899
1889,1906
1889,1908
1889,1920
1889,1921
1890,1897
1890,1901
1890,1908
1890,1924
1892,1898
1892,1913
1892,1919
1892,1920
1892,1923
1893,1906
1894,1914
1894,1919
1894,1921
1897,1924
1898,1901
1898,1911
1898,1919
1898,1920
1898,1923
1900,1903
1900,1911
1900,1920
1901,1905
1901,1922
1902,1924
1904,1914
1904,1920
1905,1921
1905,1924
1907,1908
1907,1923
1908,1914
1908,1916
1908,1920
1911,1917
1911,1920
1911,1923
1912,1916
1913,1918
1913,1920
1914,1921
1915,1920
1916,1917
1919,1921
1919,1924
